2026-07-23 19:54:18,505 WARNING attempt 1/3 failed for https://www.tesla.com/model3/design: 403 Client Error: Forbidden for url: https://www.tesla.com/model3/design
2026-07-23 19:54:20,547 WARNING attempt 2/3 failed for https://www.tesla.com/model3/design: 403 Client Error: Forbidden for url: https://www.tesla.com/model3/design
2026-07-23 19:54:24,590 WARNING attempt 3/3 failed for https://www.tesla.com/model3/design: 403 Client Error: Forbidden for url: https://www.tesla.com/model3/design
2026-07-23 19:54:35,406 WARNING attempt 1/3 failed for https://www.tesla.com/modely/design: 403 Client Error: Forbidden for url: https://www.tesla.com/modely/design
2026-07-23 19:54:37,446 WARNING attempt 2/3 failed for https://www.tesla.com/modely/design: 403 Client Error: Forbidden for url: https://www.tesla.com/modely/design
2026-07-23 19:54:41,504 WARNING attempt 3/3 failed for https://www.tesla.com/modely/design: 403 Client Error: Forbidden for url: https://www.tesla.com/modely/design
2026-07-23 19:54:51,845 WARNING attempt 1/3 failed for https://www.tesla.com/models/design: 403 Client Error: Forbidden for url: https://www.tesla.com/models/design
2026-07-23 19:54:53,886 WARNING attempt 2/3 failed for https://www.tesla.com/models/design: 403 Client Error: Forbidden for url: https://www.tesla.com/models/design
2026-07-23 19:54:57,925 WARNING attempt 3/3 failed for https://www.tesla.com/models/design: 403 Client Error: Forbidden for url: https://www.tesla.com/models/design
2026-07-23 19:55:06,107 WARNING attempt 1/3 failed for https://www.tesla.com/modelx/design: 403 Client Error: Forbidden for url: https://www.tesla.com/modelx/design
2026-07-23 19:55:08,158 WARNING attempt 2/3 failed for https://www.tesla.com/modelx/design: 403 Client Error: Forbidden for url: https://www.tesla.com/modelx/design
2026-07-23 19:55:12,206 WARNING attempt 3/3 failed for https://www.tesla.com/modelx/design: 403 Client Error: Forbidden for url: https://www.tesla.com/modelx/design
2026-07-23 19:55:22,685 WARNING attempt 1/3 failed for https://www.tesla.com/cybertruck/design: 403 Client Error: Forbidden for url: https://www.tesla.com/cybertruck/design
2026-07-23 19:55:24,730 WARNING attempt 2/3 failed for https://www.tesla.com/cybertruck/design: 403 Client Error: Forbidden for url: https://www.tesla.com/cybertruck/design
2026-07-23 19:55:28,796 WARNING attempt 3/3 failed for https://www.tesla.com/cybertruck/design: 403 Client Error: Forbidden for url: https://www.tesla.com/cybertruck/design
2026-07-23 19:55:36,852 WARNING attempt 1/3 failed for https://www.tesla.com/en_ca/model3/design: 403 Client Error: Forbidden for url: https://www.tesla.com/en_ca/model3/design
2026-07-23 19:55:38,926 WARNING attempt 2/3 failed for https://www.tesla.com/en_ca/model3/design: 403 Client Error: Forbidden for url: https://www.tesla.com/en_ca/model3/design
2026-07-23 19:55:42,967 WARNING attempt 3/3 failed for https://www.tesla.com/en_ca/model3/design: 403 Client Error: Forbidden for url: https://www.tesla.com/en_ca/model3/design
2026-07-23 19:55:53,480 WARNING attempt 1/3 failed for https://www.tesla.com/en_ca/modely/design: 403 Client Error: Forbidden for url: https://www.tesla.com/en_ca/modely/design
2026-07-23 19:55:55,524 WARNING attempt 2/3 failed for https://www.tesla.com/en_ca/modely/design: 403 Client Error: Forbidden for url: https://www.tesla.com/en_ca/modely/design
2026-07-23 19:55:59,572 WARNING attempt 3/3 failed for https://www.tesla.com/en_ca/modely/design: 403 Client Error: Forbidden for url: https://www.tesla.com/en_ca/modely/design
2026-07-23 19:56:09,191 WARNING attempt 1/3 failed for https://www.tesla.com/en_ca/models/design: 403 Client Error: Forbidden for url: https://www.tesla.com/en_ca/models/design
2026-07-23 19:56:11,234 WARNING attempt 2/3 failed for https://www.tesla.com/en_ca/models/design: 403 Client Error: Forbidden for url: https://www.tesla.com/en_ca/models/design
2026-07-23 19:56:15,401 WARNING attempt 3/3 failed for https://www.tesla.com/en_ca/models/design: 403 Client Error: Forbidden for url: https://www.tesla.com/en_ca/models/design
2026-07-23 19:56:25,527 WARNING attempt 1/3 failed for https://www.tesla.com/en_ca/modelx/design: 403 Client Error: Forbidden for url: https://www.tesla.com/en_ca/modelx/design
2026-07-23 19:56:27,571 WARNING attempt 2/3 failed for https://www.tesla.com/en_ca/modelx/design: 403 Client Error: Forbidden for url: https://www.tesla.com/en_ca/modelx/design
2026-07-23 19:56:31,615 WARNING attempt 3/3 failed for https://www.tesla.com/en_ca/modelx/design: 403 Client Error: Forbidden for url: https://www.tesla.com/en_ca/modelx/design
2026-07-23 19:56:40,651 WARNING attempt 1/3 failed for https://www.tesla.com/en_ca/cybertruck/design: 403 Client Error: Forbidden for url: https://www.tesla.com/en_ca/cybertruck/design
2026-07-23 19:56:42,740 WARNING attempt 2/3 failed for https://www.tesla.com/en_ca/cybertruck/design: 403 Client Error: Forbidden for url: https://www.tesla.com/en_ca/cybertruck/design
2026-07-23 19:56:46,784 WARNING attempt 3/3 failed for https://www.tesla.com/en_ca/cybertruck/design: 403 Client Error: Forbidden for url: https://www.tesla.com/en_ca/cybertruck/design
2026-07-23 19:56:56,607 WARNING attempt 1/3 failed for https://www.tesla.com/es_mx/model3/design: 403 Client Error: Forbidden for url: https://www.tesla.com/es_mx/model3/design
2026-07-23 19:56:58,654 WARNING attempt 2/3 failed for https://www.tesla.com/es_mx/model3/design: 403 Client Error: Forbidden for url: https://www.tesla.com/es_mx/model3/design
2026-07-23 19:57:02,712 WARNING attempt 3/3 failed for https://www.tesla.com/es_mx/model3/design: 403 Client Error: Forbidden for url: https://www.tesla.com/es_mx/model3/design
2026-07-23 19:57:13,662 WARNING attempt 1/3 failed for https://www.tesla.com/es_mx/modely/design: 403 Client Error: Forbidden for url: https://www.tesla.com/es_mx/modely/design
2026-07-23 19:57:15,733 WARNING attempt 2/3 failed for https://www.tesla.com/es_mx/modely/design: 403 Client Error: Forbidden for url: https://www.tesla.com/es_mx/modely/design
2026-07-23 19:57:19,774 WARNING attempt 3/3 failed for https://www.tesla.com/es_mx/modely/design: 403 Client Error: Forbidden for url: https://www.tesla.com/es_mx/modely/design
2026-07-23 19:57:29,487 WARNING attempt 1/3 failed for https://www.tesla.com/es_mx/models/design: 403 Client Error: Forbidden for url: https://www.tesla.com/es_mx/models/design
2026-07-23 19:57:31,546 WARNING attempt 2/3 failed for https://www.tesla.com/es_mx/models/design: 403 Client Error: Forbidden for url: https://www.tesla.com/es_mx/models/design
2026-07-23 19:57:35,593 WARNING attempt 3/3 failed for https://www.tesla.com/es_mx/models/design: 403 Client Error: Forbidden for url: https://www.tesla.com/es_mx/models/design
2026-07-23 19:57:46,169 WARNING attempt 1/3 failed for https://www.tesla.com/es_mx/modelx/design: 403 Client Error: Forbidden for url: https://www.tesla.com/es_mx/modelx/design
2026-07-23 19:57:48,238 WARNING attempt 2/3 failed for https://www.tesla.com/es_mx/modelx/design: 403 Client Error: Forbidden for url: https://www.tesla.com/es_mx/modelx/design
2026-07-23 19:57:52,311 WARNING attempt 3/3 failed for https://www.tesla.com/es_mx/modelx/design: 403 Client Error: Forbidden for url: https://www.tesla.com/es_mx/modelx/design
2026-07-23 19:58:03,460 WARNING attempt 1/3 failed for https://www.tesla.com/es_mx/cybertruck/design: 403 Client Error: Forbidden for url: https://www.tesla.com/es_mx/cybertruck/design
2026-07-23 19:58:05,517 WARNING attempt 2/3 failed for https://www.tesla.com/es_mx/cybertruck/design: 403 Client Error: Forbidden for url: https://www.tesla.com/es_mx/cybertruck/design
2026-07-23 19:58:09,577 WARNING attempt 3/3 failed for https://www.tesla.com/es_mx/cybertruck/design: 403 Client Error: Forbidden for url: https://www.tesla.com/es_mx/cybertruck/design
2026-07-23 19:58:19,932 WARNING attempt 1/3 failed for https://www.tesla.com/en_pr/model3/design: 403 Client Error: Forbidden for url: https://www.tesla.com/en_pr/model3/design
2026-07-23 19:58:21,991 WARNING attempt 2/3 failed for https://www.tesla.com/en_pr/model3/design: 403 Client Error: Forbidden for url: https://www.tesla.com/en_pr/model3/design
2026-07-23 19:58:26,051 WARNING attempt 3/3 failed for https://www.tesla.com/en_pr/model3/design: 403 Client Error: Forbidden for url: https://www.tesla.com/en_pr/model3/design
2026-07-23 19:58:36,948 WARNING attempt 1/3 failed for https://www.tesla.com/en_pr/modely/design: 403 Client Error: Forbidden for url: https://www.tesla.com/en_pr/modely/design
2026-07-23 19:58:39,002 WARNING attempt 2/3 failed for https://www.tesla.com/en_pr/modely/design: 403 Client Error: Forbidden for url: https://www.tesla.com/en_pr/modely/design
2026-07-23 19:58:43,155 WARNING attempt 3/3 failed for https://www.tesla.com/en_pr/modely/design: 403 Client Error: Forbidden for url: https://www.tesla.com/en_pr/modely/design
2026-07-23 19:58:52,810 WARNING attempt 1/3 failed for https://www.tesla.com/en_pr/models/design: 403 Client Error: Forbidden for url: https://www.tesla.com/en_pr/models/design
2026-07-23 19:58:54,856 WARNING attempt 2/3 failed for https://www.tesla.com/en_pr/models/design: 403 Client Error: Forbidden for url: https://www.tesla.com/en_pr/models/design
2026-07-23 19:58:58,907 WARNING attempt 3/3 failed for https://www.tesla.com/en_pr/models/design: 403 Client Error: Forbidden for url: https://www.tesla.com/en_pr/models/design
2026-07-23 19:59:08,389 WARNING attempt 1/3 failed for https://www.tesla.com/en_pr/modelx/design: 403 Client Error: Forbidden for url: https://www.tesla.com/en_pr/modelx/design
2026-07-23 19:59:10,437 WARNING attempt 2/3 failed for https://www.tesla.com/en_pr/modelx/design: 403 Client Error: Forbidden for url: https://www.tesla.com/en_pr/modelx/design
2026-07-23 19:59:14,485 WARNING attempt 3/3 failed for https://www.tesla.com/en_pr/modelx/design: 403 Client Error: Forbidden for url: https://www.tesla.com/en_pr/modelx/design
2026-07-23 19:59:24,307 WARNING attempt 1/3 failed for https://www.tesla.com/en_pr/cybertruck/design: 403 Client Error: Forbidden for url: https://www.tesla.com/en_pr/cybertruck/design
2026-07-23 19:59:26,357 WARNING attempt 2/3 failed for https://www.tesla.com/en_pr/cybertruck/design: 403 Client Error: Forbidden for url: https://www.tesla.com/en_pr/cybertruck/design
2026-07-23 19:59:30,436 WARNING attempt 3/3 failed for https://www.tesla.com/en_pr/cybertruck/design: 403 Client Error: Forbidden for url: https://www.tesla.com/en_pr/cybertruck/design
2026-07-23 19:59:39,750 WARNING attempt 1/3 failed for https://www.tesla.com/de_at/model3/design: 403 Client Error: Forbidden for url: https://www.tesla.com/de_at/model3/design
2026-07-23 19:59:41,806 WARNING attempt 2/3 failed for https://www.tesla.com/de_at/model3/design: 403 Client Error: Forbidden for url: https://www.tesla.com/de_at/model3/design
2026-07-23 19:59:45,896 WARNING attempt 3/3 failed for https://www.tesla.com/de_at/model3/design: 403 Client Error: Forbidden for url: https://www.tesla.com/de_at/model3/design
2026-07-23 19:59:55,710 WARNING attempt 1/3 failed for https://www.tesla.com/de_at/modely/design: 403 Client Error: Forbidden for url: https://www.tesla.com/de_at/modely/design
2026-07-23 19:59:57,755 WARNING attempt 2/3 failed for https://www.tesla.com/de_at/modely/design: 403 Client Error: Forbidden for url: https://www.tesla.com/de_at/modely/design
2026-07-23 20:00:01,814 WARNING attempt 3/3 failed for https://www.tesla.com/de_at/modely/design: 403 Client Error: Forbidden for url: https://www.tesla.com/de_at/modely/design
2026-07-23 20:00:11,015 WARNING attempt 1/3 failed for https://www.tesla.com/de_at/models/design: 403 Client Error: Forbidden for url: https://www.tesla.com/de_at/models/design
2026-07-23 20:00:13,069 WARNING attempt 2/3 failed for https://www.tesla.com/de_at/models/design: 403 Client Error: Forbidden for url: https://www.tesla.com/de_at/models/design
2026-07-23 20:00:17,149 WARNING attempt 3/3 failed for https://www.tesla.com/de_at/models/design: 403 Client Error: Forbidden for url: https://www.tesla.com/de_at/models/design
2026-07-23 20:00:25,971 WARNING attempt 1/3 failed for https://www.tesla.com/de_at/modelx/design: 403 Client Error: Forbidden for url: https://www.tesla.com/de_at/modelx/design
2026-07-23 20:00:28,021 WARNING attempt 2/3 failed for https://www.tesla.com/de_at/modelx/design: 403 Client Error: Forbidden for url: https://www.tesla.com/de_at/modelx/design
2026-07-23 20:00:32,143 WARNING attempt 3/3 failed for https://www.tesla.com/de_at/modelx/design: 403 Client Error: Forbidden for url: https://www.tesla.com/de_at/modelx/design
2026-07-23 20:00:42,871 WARNING attempt 1/3 failed for https://www.tesla.com/de_at/cybertruck/design: 403 Client Error: Forbidden for url: https://www.tesla.com/de_at/cybertruck/design
2026-07-23 20:00:44,921 WARNING attempt 2/3 failed for https://www.tesla.com/de_at/cybertruck/design: 403 Client Error: Forbidden for url: https://www.tesla.com/de_at/cybertruck/design
2026-07-23 20:00:48,971 WARNING attempt 3/3 failed for https://www.tesla.com/de_at/cybertruck/design: 403 Client Error: Forbidden for url: https://www.tesla.com/de_at/cybertruck/design
2026-07-23 20:00:59,107 WARNING attempt 1/3 failed for https://www.tesla.com/nl_be/model3/design: 403 Client Error: Forbidden for url: https://www.tesla.com/nl_be/model3/design
2026-07-23 20:01:01,162 WARNING attempt 2/3 failed for https://www.tesla.com/nl_be/model3/design: 403 Client Error: Forbidden for url: https://www.tesla.com/nl_be/model3/design
2026-07-23 20:01:05,222 WARNING attempt 3/3 failed for https://www.tesla.com/nl_be/model3/design: 403 Client Error: Forbidden for url: https://www.tesla.com/nl_be/model3/design
2026-07-23 20:01:15,121 WARNING attempt 1/3 failed for https://www.tesla.com/nl_be/modely/design: 403 Client Error: Forbidden for url: https://www.tesla.com/nl_be/modely/design
2026-07-23 20:01:17,185 WARNING attempt 2/3 failed for https://www.tesla.com/nl_be/modely/design: 403 Client Error: Forbidden for url: https://www.tesla.com/nl_be/modely/design
2026-07-23 20:01:21,250 WARNING attempt 3/3 failed for https://www.tesla.com/nl_be/modely/design: 403 Client Error: Forbidden for url: https://www.tesla.com/nl_be/modely/design
2026-07-23 20:01:29,355 WARNING attempt 1/3 failed for https://www.tesla.com/nl_be/models/design: 403 Client Error: Forbidden for url: https://www.tesla.com/nl_be/models/design
2026-07-23 20:01:31,406 WARNING attempt 2/3 failed for https://www.tesla.com/nl_be/models/design: 403 Client Error: Forbidden for url: https://www.tesla.com/nl_be/models/design
2026-07-23 20:01:35,457 WARNING attempt 3/3 failed for https://www.tesla.com/nl_be/models/design: 403 Client Error: Forbidden for url: https://www.tesla.com/nl_be/models/design
2026-07-23 20:01:45,034 WARNING attempt 1/3 failed for https://www.tesla.com/nl_be/modelx/design: 403 Client Error: Forbidden for url: https://www.tesla.com/nl_be/modelx/design
2026-07-23 20:01:47,084 WARNING attempt 2/3 failed for https://www.tesla.com/nl_be/modelx/design: 403 Client Error: Forbidden for url: https://www.tesla.com/nl_be/modelx/design
2026-07-23 20:01:51,299 WARNING attempt 3/3 failed for https://www.tesla.com/nl_be/modelx/design: 403 Client Error: Forbidden for url: https://www.tesla.com/nl_be/modelx/design
2026-07-23 20:02:00,846 WARNING attempt 1/3 failed for https://www.tesla.com/nl_be/cybertruck/design: 403 Client Error: Forbidden for url: https://www.tesla.com/nl_be/cybertruck/design
2026-07-23 20:02:02,900 WARNING attempt 2/3 failed for https://www.tesla.com/nl_be/cybertruck/design: 403 Client Error: Forbidden for url: https://www.tesla.com/nl_be/cybertruck/design
2026-07-23 20:02:06,966 WARNING attempt 3/3 failed for https://www.tesla.com/nl_be/cybertruck/design: 403 Client Error: Forbidden for url: https://www.tesla.com/nl_be/cybertruck/design
2026-07-23 20:02:17,536 WARNING attempt 1/3 failed for https://www.tesla.com/hr_hr/model3/design: 403 Client Error: Forbidden for url: https://www.tesla.com/hr_hr/model3/design
2026-07-23 20:02:19,593 WARNING attempt 2/3 failed for https://www.tesla.com/hr_hr/model3/design: 403 Client Error: Forbidden for url: https://www.tesla.com/hr_hr/model3/design
2026-07-23 20:02:23,641 WARNING attempt 3/3 failed for https://www.tesla.com/hr_hr/model3/design: 403 Client Error: Forbidden for url: https://www.tesla.com/hr_hr/model3/design
2026-07-23 20:02:33,311 WARNING attempt 1/3 failed for https://www.tesla.com/hr_hr/modely/design: 403 Client Error: Forbidden for url: https://www.tesla.com/hr_hr/modely/design
2026-07-23 20:02:35,362 WARNING attempt 2/3 failed for https://www.tesla.com/hr_hr/modely/design: 403 Client Error: Forbidden for url: https://www.tesla.com/hr_hr/modely/design
2026-07-23 20:02:39,421 WARNING attempt 3/3 failed for https://www.tesla.com/hr_hr/modely/design: 403 Client Error: Forbidden for url: https://www.tesla.com/hr_hr/modely/design
2026-07-23 20:02:49,855 WARNING attempt 1/3 failed for https://www.tesla.com/hr_hr/models/design: 403 Client Error: Forbidden for url: https://www.tesla.com/hr_hr/models/design
2026-07-23 20:02:51,908 WARNING attempt 2/3 failed for https://www.tesla.com/hr_hr/models/design: 403 Client Error: Forbidden for url: https://www.tesla.com/hr_hr/models/design
2026-07-23 20:02:55,962 WARNING attempt 3/3 failed for https://www.tesla.com/hr_hr/models/design: 403 Client Error: Forbidden for url: https://www.tesla.com/hr_hr/models/design
2026-07-23 20:03:06,483 WARNING attempt 1/3 failed for https://www.tesla.com/hr_hr/modelx/design: 403 Client Error: Forbidden for url: https://www.tesla.com/hr_hr/modelx/design
2026-07-23 20:03:08,537 WARNING attempt 2/3 failed for https://www.tesla.com/hr_hr/modelx/design: 403 Client Error: Forbidden for url: https://www.tesla.com/hr_hr/modelx/design
2026-07-23 20:03:12,590 WARNING attempt 3/3 failed for https://www.tesla.com/hr_hr/modelx/design: 403 Client Error: Forbidden for url: https://www.tesla.com/hr_hr/modelx/design
2026-07-23 20:03:20,913 WARNING attempt 1/3 failed for https://www.tesla.com/hr_hr/cybertruck/design: 403 Client Error: Forbidden for url: https://www.tesla.com/hr_hr/cybertruck/design
2026-07-23 20:03:22,967 WARNING attempt 2/3 failed for https://www.tesla.com/hr_hr/cybertruck/design: 403 Client Error: Forbidden for url: https://www.tesla.com/hr_hr/cybertruck/design
2026-07-23 20:03:27,126 WARNING attempt 3/3 failed for https://www.tesla.com/hr_hr/cybertruck/design: 403 Client Error: Forbidden for url: https://www.tesla.com/hr_hr/cybertruck/design
2026-07-23 20:03:37,723 WARNING attempt 1/3 failed for https://www.tesla.com/cs_cz/model3/design: 403 Client Error: Forbidden for url: https://www.tesla.com/cs_cz/model3/design
2026-07-23 20:03:39,776 WARNING attempt 2/3 failed for https://www.tesla.com/cs_cz/model3/design: 403 Client Error: Forbidden for url: https://www.tesla.com/cs_cz/model3/design
2026-07-23 20:03:43,825 WARNING attempt 3/3 failed for https://www.tesla.com/cs_cz/model3/design: 403 Client Error: Forbidden for url: https://www.tesla.com/cs_cz/model3/design
2026-07-23 20:03:53,652 WARNING attempt 1/3 failed for https://www.tesla.com/cs_cz/modely/design: 403 Client Error: Forbidden for url: https://www.tesla.com/cs_cz/modely/design
2026-07-23 20:03:55,708 WARNING attempt 2/3 failed for https://www.tesla.com/cs_cz/modely/design: 403 Client Error: Forbidden for url: https://www.tesla.com/cs_cz/modely/design
2026-07-23 20:03:59,766 WARNING attempt 3/3 failed for https://www.tesla.com/cs_cz/modely/design: 403 Client Error: Forbidden for url: https://www.tesla.com/cs_cz/modely/design
2026-07-23 20:04:09,359 WARNING attempt 1/3 failed for https://www.tesla.com/cs_cz/models/design: 403 Client Error: Forbidden for url: https://www.tesla.com/cs_cz/models/design
2026-07-23 20:04:11,527 WARNING attempt 2/3 failed for https://www.tesla.com/cs_cz/models/design: 403 Client Error: Forbidden for url: https://www.tesla.com/cs_cz/models/design
2026-07-23 20:04:15,591 WARNING attempt 3/3 failed for https://www.tesla.com/cs_cz/models/design: 403 Client Error: Forbidden for url: https://www.tesla.com/cs_cz/models/design
2026-07-23 20:04:25,041 WARNING attempt 1/3 failed for https://www.tesla.com/cs_cz/modelx/design: 403 Client Error: Forbidden for url: https://www.tesla.com/cs_cz/modelx/design
2026-07-23 20:04:27,097 WARNING attempt 2/3 failed for https://www.tesla.com/cs_cz/modelx/design: 403 Client Error: Forbidden for url: https://www.tesla.com/cs_cz/modelx/design
2026-07-23 20:04:31,169 WARNING attempt 3/3 failed for https://www.tesla.com/cs_cz/modelx/design: 403 Client Error: Forbidden for url: https://www.tesla.com/cs_cz/modelx/design
2026-07-23 20:04:41,176 WARNING attempt 1/3 failed for https://www.tesla.com/cs_cz/cybertruck/design: 403 Client Error: Forbidden for url: https://www.tesla.com/cs_cz/cybertruck/design
2026-07-23 20:04:43,228 WARNING attempt 2/3 failed for https://www.tesla.com/cs_cz/cybertruck/design: 403 Client Error: Forbidden for url: https://www.tesla.com/cs_cz/cybertruck/design
2026-07-23 20:04:47,284 WARNING attempt 3/3 failed for https://www.tesla.com/cs_cz/cybertruck/design: 403 Client Error: Forbidden for url: https://www.tesla.com/cs_cz/cybertruck/design
2026-07-23 20:04:55,499 WARNING attempt 1/3 failed for https://www.tesla.com/da_dk/model3/design: 403 Client Error: Forbidden for url: https://www.tesla.com/da_dk/model3/design
2026-07-23 20:04:57,546 WARNING attempt 2/3 failed for https://www.tesla.com/da_dk/model3/design: 403 Client Error: Forbidden for url: https://www.tesla.com/da_dk/model3/design
2026-07-23 20:05:01,641 WARNING attempt 3/3 failed for https://www.tesla.com/da_dk/model3/design: 403 Client Error: Forbidden for url: https://www.tesla.com/da_dk/model3/design
2026-07-23 20:05:09,927 WARNING attempt 1/3 failed for https://www.tesla.com/da_dk/modely/design: 403 Client Error: Forbidden for url: https://www.tesla.com/da_dk/modely/design
2026-07-23 20:05:11,980 WARNING attempt 2/3 failed for https://www.tesla.com/da_dk/modely/design: 403 Client Error: Forbidden for url: https://www.tesla.com/da_dk/modely/design
2026-07-23 20:05:16,032 WARNING attempt 3/3 failed for https://www.tesla.com/da_dk/modely/design: 403 Client Error: Forbidden for url: https://www.tesla.com/da_dk/modely/design
2026-07-23 20:05:26,079 WARNING attempt 1/3 failed for https://www.tesla.com/da_dk/models/design: 403 Client Error: Forbidden for url: https://www.tesla.com/da_dk/models/design
2026-07-23 20:05:28,137 WARNING attempt 2/3 failed for https://www.tesla.com/da_dk/models/design: 403 Client Error: Forbidden for url: https://www.tesla.com/da_dk/models/design
2026-07-23 20:05:32,183 WARNING attempt 3/3 failed for https://www.tesla.com/da_dk/models/design: 403 Client Error: Forbidden for url: https://www.tesla.com/da_dk/models/design
2026-07-23 20:05:41,483 WARNING attempt 1/3 failed for https://www.tesla.com/da_dk/modelx/design: 403 Client Error: Forbidden for url: https://www.tesla.com/da_dk/modelx/design
2026-07-23 20:05:43,527 WARNING attempt 2/3 failed for https://www.tesla.com/da_dk/modelx/design: 403 Client Error: Forbidden for url: https://www.tesla.com/da_dk/modelx/design
2026-07-23 20:05:47,580 WARNING attempt 3/3 failed for https://www.tesla.com/da_dk/modelx/design: 403 Client Error: Forbidden for url: https://www.tesla.com/da_dk/modelx/design
2026-07-23 20:05:58,063 WARNING attempt 1/3 failed for https://www.tesla.com/da_dk/cybertruck/design: 403 Client Error: Forbidden for url: https://www.tesla.com/da_dk/cybertruck/design
2026-07-23 20:06:00,108 WARNING attempt 2/3 failed for https://www.tesla.com/da_dk/cybertruck/design: 403 Client Error: Forbidden for url: https://www.tesla.com/da_dk/cybertruck/design
2026-07-23 20:06:04,150 WARNING attempt 3/3 failed for https://www.tesla.com/da_dk/cybertruck/design: 403 Client Error: Forbidden for url: https://www.tesla.com/da_dk/cybertruck/design
2026-07-23 20:06:12,481 WARNING attempt 1/3 failed for https://www.tesla.com/fi_fi/model3/design: 403 Client Error: Forbidden for url: https://www.tesla.com/fi_fi/model3/design
2026-07-23 20:06:14,523 WARNING attempt 2/3 failed for https://www.tesla.com/fi_fi/model3/design: 403 Client Error: Forbidden for url: https://www.tesla.com/fi_fi/model3/design
2026-07-23 20:06:18,566 WARNING attempt 3/3 failed for https://www.tesla.com/fi_fi/model3/design: 403 Client Error: Forbidden for url: https://www.tesla.com/fi_fi/model3/design
2026-07-23 20:06:27,698 WARNING attempt 1/3 failed for https://www.tesla.com/fi_fi/modely/design: 403 Client Error: Forbidden for url: https://www.tesla.com/fi_fi/modely/design
2026-07-23 20:06:29,742 WARNING attempt 2/3 failed for https://www.tesla.com/fi_fi/modely/design: 403 Client Error: Forbidden for url: https://www.tesla.com/fi_fi/modely/design
2026-07-23 20:06:33,793 WARNING attempt 3/3 failed for https://www.tesla.com/fi_fi/modely/design: 403 Client Error: Forbidden for url: https://www.tesla.com/fi_fi/modely/design
2026-07-23 20:06:44,785 WARNING attempt 1/3 failed for https://www.tesla.com/fi_fi/models/design: 403 Client Error: Forbidden for url: https://www.tesla.com/fi_fi/models/design
2026-07-23 20:06:46,849 WARNING attempt 2/3 failed for https://www.tesla.com/fi_fi/models/design: 403 Client Error: Forbidden for url: https://www.tesla.com/fi_fi/models/design
2026-07-23 20:06:50,892 WARNING attempt 3/3 failed for https://www.tesla.com/fi_fi/models/design: 403 Client Error: Forbidden for url: https://www.tesla.com/fi_fi/models/design
2026-07-23 20:07:00,436 WARNING attempt 1/3 failed for https://www.tesla.com/fi_fi/modelx/design: 403 Client Error: Forbidden for url: https://www.tesla.com/fi_fi/modelx/design
2026-07-23 20:07:02,481 WARNING attempt 2/3 failed for https://www.tesla.com/fi_fi/modelx/design: 403 Client Error: Forbidden for url: https://www.tesla.com/fi_fi/modelx/design
2026-07-23 20:07:06,524 WARNING attempt 3/3 failed for https://www.tesla.com/fi_fi/modelx/design: 403 Client Error: Forbidden for url: https://www.tesla.com/fi_fi/modelx/design
2026-07-23 20:07:15,323 WARNING attempt 1/3 failed for https://www.tesla.com/fi_fi/cybertruck/design: 403 Client Error: Forbidden for url: https://www.tesla.com/fi_fi/cybertruck/design
2026-07-23 20:07:17,392 WARNING attempt 2/3 failed for https://www.tesla.com/fi_fi/cybertruck/design: 403 Client Error: Forbidden for url: https://www.tesla.com/fi_fi/cybertruck/design
2026-07-23 20:07:21,503 WARNING attempt 3/3 failed for https://www.tesla.com/fi_fi/cybertruck/design: 403 Client Error: Forbidden for url: https://www.tesla.com/fi_fi/cybertruck/design
2026-07-23 20:07:31,006 WARNING attempt 1/3 failed for https://www.tesla.com/fr_fr/model3/design: 403 Client Error: Forbidden for url: https://www.tesla.com/fr_fr/model3/design
2026-07-23 20:07:33,051 WARNING attempt 2/3 failed for https://www.tesla.com/fr_fr/model3/design: 403 Client Error: Forbidden for url: https://www.tesla.com/fr_fr/model3/design
2026-07-23 20:07:37,098 WARNING attempt 3/3 failed for https://www.tesla.com/fr_fr/model3/design: 403 Client Error: Forbidden for url: https://www.tesla.com/fr_fr/model3/design
2026-07-23 20:07:45,685 WARNING attempt 1/3 failed for https://www.tesla.com/fr_fr/modely/design: 403 Client Error: Forbidden for url: https://www.tesla.com/fr_fr/modely/design
2026-07-23 20:07:47,727 WARNING attempt 2/3 failed for https://www.tesla.com/fr_fr/modely/design: 403 Client Error: Forbidden for url: https://www.tesla.com/fr_fr/modely/design
2026-07-23 20:07:51,798 WARNING attempt 3/3 failed for https://www.tesla.com/fr_fr/modely/design: 403 Client Error: Forbidden for url: https://www.tesla.com/fr_fr/modely/design
2026-07-23 20:08:01,905 WARNING attempt 1/3 failed for https://www.tesla.com/fr_fr/models/design: 403 Client Error: Forbidden for url: https://www.tesla.com/fr_fr/models/design
2026-07-23 20:08:03,949 WARNING attempt 2/3 failed for https://www.tesla.com/fr_fr/models/design: 403 Client Error: Forbidden for url: https://www.tesla.com/fr_fr/models/design
2026-07-23 20:08:08,105 WARNING attempt 3/3 failed for https://www.tesla.com/fr_fr/models/design: 403 Client Error: Forbidden for url: https://www.tesla.com/fr_fr/models/design
2026-07-23 20:08:19,114 WARNING attempt 1/3 failed for https://www.tesla.com/fr_fr/modelx/design: 403 Client Error: Forbidden for url: https://www.tesla.com/fr_fr/modelx/design
2026-07-23 20:08:21,157 WARNING attempt 2/3 failed for https://www.tesla.com/fr_fr/modelx/design: 403 Client Error: Forbidden for url: https://www.tesla.com/fr_fr/modelx/design
2026-07-23 20:08:25,199 WARNING attempt 3/3 failed for https://www.tesla.com/fr_fr/modelx/design: 403 Client Error: Forbidden for url: https://www.tesla.com/fr_fr/modelx/design
2026-07-23 20:08:33,894 WARNING attempt 1/3 failed for https://www.tesla.com/fr_fr/cybertruck/design: 403 Client Error: Forbidden for url: https://www.tesla.com/fr_fr/cybertruck/design
2026-07-23 20:08:35,945 WARNING attempt 2/3 failed for https://www.tesla.com/fr_fr/cybertruck/design: 403 Client Error: Forbidden for url: https://www.tesla.com/fr_fr/cybertruck/design
2026-07-23 20:08:39,994 WARNING attempt 3/3 failed for https://www.tesla.com/fr_fr/cybertruck/design: 403 Client Error: Forbidden for url: https://www.tesla.com/fr_fr/cybertruck/design
2026-07-23 20:08:50,638 WARNING attempt 1/3 failed for https://www.tesla.com/de_de/model3/design: 403 Client Error: Forbidden for url: https://www.tesla.com/de_de/model3/design
2026-07-23 20:08:52,680 WARNING attempt 2/3 failed for https://www.tesla.com/de_de/model3/design: 403 Client Error: Forbidden for url: https://www.tesla.com/de_de/model3/design
2026-07-23 20:08:56,753 WARNING attempt 3/3 failed for https://www.tesla.com/de_de/model3/design: 403 Client Error: Forbidden for url: https://www.tesla.com/de_de/model3/design
2026-07-23 20:09:05,823 WARNING attempt 1/3 failed for https://www.tesla.com/de_de/modely/design: 403 Client Error: Forbidden for url: https://www.tesla.com/de_de/modely/design
2026-07-23 20:09:07,869 WARNING attempt 2/3 failed for https://www.tesla.com/de_de/modely/design: 403 Client Error: Forbidden for url: https://www.tesla.com/de_de/modely/design
2026-07-23 20:09:11,916 WARNING attempt 3/3 failed for https://www.tesla.com/de_de/modely/design: 403 Client Error: Forbidden for url: https://www.tesla.com/de_de/modely/design
2026-07-23 20:09:21,787 WARNING attempt 1/3 failed for https://www.tesla.com/de_de/models/design: 403 Client Error: Forbidden for url: https://www.tesla.com/de_de/models/design
2026-07-23 20:09:23,830 WARNING attempt 2/3 failed for https://www.tesla.com/de_de/models/design: 403 Client Error: Forbidden for url: https://www.tesla.com/de_de/models/design
2026-07-23 20:09:27,877 WARNING attempt 3/3 failed for https://www.tesla.com/de_de/models/design: 403 Client Error: Forbidden for url: https://www.tesla.com/de_de/models/design
2026-07-23 20:09:37,507 WARNING attempt 1/3 failed for https://www.tesla.com/de_de/modelx/design: 403 Client Error: Forbidden for url: https://www.tesla.com/de_de/modelx/design
2026-07-23 20:09:39,548 WARNING attempt 2/3 failed for https://www.tesla.com/de_de/modelx/design: 403 Client Error: Forbidden for url: https://www.tesla.com/de_de/modelx/design
2026-07-23 20:09:43,654 WARNING attempt 3/3 failed for https://www.tesla.com/de_de/modelx/design: 403 Client Error: Forbidden for url: https://www.tesla.com/de_de/modelx/design
2026-07-23 20:09:51,872 WARNING attempt 1/3 failed for https://www.tesla.com/de_de/cybertruck/design: 403 Client Error: Forbidden for url: https://www.tesla.com/de_de/cybertruck/design
2026-07-23 20:09:53,918 WARNING attempt 2/3 failed for https://www.tesla.com/de_de/cybertruck/design: 403 Client Error: Forbidden for url: https://www.tesla.com/de_de/cybertruck/design
2026-07-23 20:09:57,963 WARNING attempt 3/3 failed for https://www.tesla.com/de_de/cybertruck/design: 403 Client Error: Forbidden for url: https://www.tesla.com/de_de/cybertruck/design
2026-07-23 20:10:07,202 WARNING attempt 1/3 failed for https://www.tesla.com/el_gr/model3/design: 403 Client Error: Forbidden for url: https://www.tesla.com/el_gr/model3/design
2026-07-23 20:10:09,250 WARNING attempt 2/3 failed for https://www.tesla.com/el_gr/model3/design: 403 Client Error: Forbidden for url: https://www.tesla.com/el_gr/model3/design
2026-07-23 20:10:13,293 WARNING attempt 3/3 failed for https://www.tesla.com/el_gr/model3/design: 403 Client Error: Forbidden for url: https://www.tesla.com/el_gr/model3/design
2026-07-23 20:10:22,296 WARNING attempt 1/3 failed for https://www.tesla.com/el_gr/modely/design: 403 Client Error: Forbidden for url: https://www.tesla.com/el_gr/modely/design
2026-07-23 20:10:24,348 WARNING attempt 2/3 failed for https://www.tesla.com/el_gr/modely/design: 403 Client Error: Forbidden for url: https://www.tesla.com/el_gr/modely/design
2026-07-23 20:10:28,406 WARNING attempt 3/3 failed for https://www.tesla.com/el_gr/modely/design: 403 Client Error: Forbidden for url: https://www.tesla.com/el_gr/modely/design
2026-07-23 20:10:36,748 WARNING attempt 1/3 failed for https://www.tesla.com/el_gr/models/design: 403 Client Error: Forbidden for url: https://www.tesla.com/el_gr/models/design
2026-07-23 20:10:38,794 WARNING attempt 2/3 failed for https://www.tesla.com/el_gr/models/design: 403 Client Error: Forbidden for url: https://www.tesla.com/el_gr/models/design
2026-07-23 20:10:42,838 WARNING attempt 3/3 failed for https://www.tesla.com/el_gr/models/design: 403 Client Error: Forbidden for url: https://www.tesla.com/el_gr/models/design
2026-07-23 20:10:51,390 WARNING attempt 1/3 failed for https://www.tesla.com/el_gr/modelx/design: 403 Client Error: Forbidden for url: https://www.tesla.com/el_gr/modelx/design
2026-07-23 20:10:53,433 WARNING attempt 2/3 failed for https://www.tesla.com/el_gr/modelx/design: 403 Client Error: Forbidden for url: https://www.tesla.com/el_gr/modelx/design
2026-07-23 20:10:57,482 WARNING attempt 3/3 failed for https://www.tesla.com/el_gr/modelx/design: 403 Client Error: Forbidden for url: https://www.tesla.com/el_gr/modelx/design
2026-07-23 20:11:07,316 WARNING attempt 1/3 failed for https://www.tesla.com/el_gr/cybertruck/design: 403 Client Error: Forbidden for url: https://www.tesla.com/el_gr/cybertruck/design
2026-07-23 20:11:09,361 WARNING attempt 2/3 failed for https://www.tesla.com/el_gr/cybertruck/design: 403 Client Error: Forbidden for url: https://www.tesla.com/el_gr/cybertruck/design
2026-07-23 20:11:13,511 WARNING attempt 3/3 failed for https://www.tesla.com/el_gr/cybertruck/design: 403 Client Error: Forbidden for url: https://www.tesla.com/el_gr/cybertruck/design
2026-07-23 20:11:24,564 WARNING attempt 1/3 failed for https://www.tesla.com/hu_hu/model3/design: 403 Client Error: Forbidden for url: https://www.tesla.com/hu_hu/model3/design
2026-07-23 20:11:26,607 WARNING attempt 2/3 failed for https://www.tesla.com/hu_hu/model3/design: 403 Client Error: Forbidden for url: https://www.tesla.com/hu_hu/model3/design
2026-07-23 20:11:30,651 WARNING attempt 3/3 failed for https://www.tesla.com/hu_hu/model3/design: 403 Client Error: Forbidden for url: https://www.tesla.com/hu_hu/model3/design
2026-07-23 20:11:40,693 WARNING attempt 1/3 failed for https://www.tesla.com/hu_hu/modely/design: 403 Client Error: Forbidden for url: https://www.tesla.com/hu_hu/modely/design
2026-07-23 20:11:42,740 WARNING attempt 2/3 failed for https://www.tesla.com/hu_hu/modely/design: 403 Client Error: Forbidden for url: https://www.tesla.com/hu_hu/modely/design
2026-07-23 20:11:46,801 WARNING attempt 3/3 failed for https://www.tesla.com/hu_hu/modely/design: 403 Client Error: Forbidden for url: https://www.tesla.com/hu_hu/modely/design
2026-07-23 20:11:57,181 WARNING attempt 1/3 failed for https://www.tesla.com/hu_hu/models/design: 403 Client Error: Forbidden for url: https://www.tesla.com/hu_hu/models/design
2026-07-23 20:11:59,227 WARNING attempt 2/3 failed for https://www.tesla.com/hu_hu/models/design: 403 Client Error: Forbidden for url: https://www.tesla.com/hu_hu/models/design
2026-07-23 20:12:03,375 WARNING attempt 3/3 failed for https://www.tesla.com/hu_hu/models/design: 403 Client Error: Forbidden for url: https://www.tesla.com/hu_hu/models/design
2026-07-23 20:12:13,600 WARNING attempt 1/3 failed for https://www.tesla.com/hu_hu/modelx/design: 403 Client Error: Forbidden for url: https://www.tesla.com/hu_hu/modelx/design
2026-07-23 20:12:15,648 WARNING attempt 2/3 failed for https://www.tesla.com/hu_hu/modelx/design: 403 Client Error: Forbidden for url: https://www.tesla.com/hu_hu/modelx/design
2026-07-23 20:12:19,708 WARNING attempt 3/3 failed for https://www.tesla.com/hu_hu/modelx/design: 403 Client Error: Forbidden for url: https://www.tesla.com/hu_hu/modelx/design
2026-07-23 20:12:30,210 WARNING attempt 1/3 failed for https://www.tesla.com/hu_hu/cybertruck/design: 403 Client Error: Forbidden for url: https://www.tesla.com/hu_hu/cybertruck/design
2026-07-23 20:12:32,276 WARNING attempt 2/3 failed for https://www.tesla.com/hu_hu/cybertruck/design: 403 Client Error: Forbidden for url: https://www.tesla.com/hu_hu/cybertruck/design
2026-07-23 20:12:36,658 WARNING attempt 3/3 failed for https://www.tesla.com/hu_hu/cybertruck/design: 403 Client Error: Forbidden for url: https://www.tesla.com/hu_hu/cybertruck/design
2026-07-23 20:12:47,580 WARNING attempt 1/3 failed for https://www.tesla.com/is_is/model3/design: 403 Client Error: Forbidden for url: https://www.tesla.com/is_is/model3/design
2026-07-23 20:12:49,622 WARNING attempt 2/3 failed for https://www.tesla.com/is_is/model3/design: 403 Client Error: Forbidden for url: https://www.tesla.com/is_is/model3/design
2026-07-23 20:12:53,681 WARNING attempt 3/3 failed for https://www.tesla.com/is_is/model3/design: 403 Client Error: Forbidden for url: https://www.tesla.com/is_is/model3/design
2026-07-23 20:13:03,280 WARNING attempt 1/3 failed for https://www.tesla.com/is_is/modely/design: 403 Client Error: Forbidden for url: https://www.tesla.com/is_is/modely/design
2026-07-23 20:13:05,323 WARNING attempt 2/3 failed for https://www.tesla.com/is_is/modely/design: 403 Client Error: Forbidden for url: https://www.tesla.com/is_is/modely/design
2026-07-23 20:13:09,374 WARNING attempt 3/3 failed for https://www.tesla.com/is_is/modely/design: 403 Client Error: Forbidden for url: https://www.tesla.com/is_is/modely/design
2026-07-23 20:13:18,776 WARNING attempt 1/3 failed for https://www.tesla.com/is_is/models/design: 403 Client Error: Forbidden for url: https://www.tesla.com/is_is/models/design
2026-07-23 20:13:20,889 WARNING attempt 2/3 failed for https://www.tesla.com/is_is/models/design: 403 Client Error: Forbidden for url: https://www.tesla.com/is_is/models/design
2026-07-23 20:13:24,941 WARNING attempt 3/3 failed for https://www.tesla.com/is_is/models/design: 403 Client Error: Forbidden for url: https://www.tesla.com/is_is/models/design
2026-07-23 20:13:33,233 WARNING attempt 1/3 failed for https://www.tesla.com/is_is/modelx/design: 403 Client Error: Forbidden for url: https://www.tesla.com/is_is/modelx/design
2026-07-23 20:13:35,302 WARNING attempt 2/3 failed for https://www.tesla.com/is_is/modelx/design: 403 Client Error: Forbidden for url: https://www.tesla.com/is_is/modelx/design
2026-07-23 20:13:39,363 WARNING attempt 3/3 failed for https://www.tesla.com/is_is/modelx/design: 403 Client Error: Forbidden for url: https://www.tesla.com/is_is/modelx/design
2026-07-23 20:13:50,173 WARNING attempt 1/3 failed for https://www.tesla.com/is_is/cybertruck/design: 403 Client Error: Forbidden for url: https://www.tesla.com/is_is/cybertruck/design
2026-07-23 20:13:52,215 WARNING attempt 2/3 failed for https://www.tesla.com/is_is/cybertruck/design: 403 Client Error: Forbidden for url: https://www.tesla.com/is_is/cybertruck/design
2026-07-23 20:13:56,258 WARNING attempt 3/3 failed for https://www.tesla.com/is_is/cybertruck/design: 403 Client Error: Forbidden for url: https://www.tesla.com/is_is/cybertruck/design
2026-07-23 20:14:04,538 WARNING attempt 1/3 failed for https://www.tesla.com/en_ie/model3/design: 403 Client Error: Forbidden for url: https://www.tesla.com/en_ie/model3/design
2026-07-23 20:14:06,584 WARNING attempt 2/3 failed for https://www.tesla.com/en_ie/model3/design: 403 Client Error: Forbidden for url: https://www.tesla.com/en_ie/model3/design
2026-07-23 20:14:10,628 WARNING attempt 3/3 failed for https://www.tesla.com/en_ie/model3/design: 403 Client Error: Forbidden for url: https://www.tesla.com/en_ie/model3/design
2026-07-23 20:14:20,691 WARNING attempt 1/3 failed for https://www.tesla.com/en_ie/modely/design: 403 Client Error: Forbidden for url: https://www.tesla.com/en_ie/modely/design
2026-07-23 20:14:22,738 WARNING attempt 2/3 failed for https://www.tesla.com/en_ie/modely/design: 403 Client Error: Forbidden for url: https://www.tesla.com/en_ie/modely/design
2026-07-23 20:14:26,809 WARNING attempt 3/3 failed for https://www.tesla.com/en_ie/modely/design: 403 Client Error: Forbidden for url: https://www.tesla.com/en_ie/modely/design
2026-07-23 20:14:36,871 WARNING attempt 1/3 failed for https://www.tesla.com/en_ie/models/design: 403 Client Error: Forbidden for url: https://www.tesla.com/en_ie/models/design
2026-07-23 20:14:38,936 WARNING attempt 2/3 failed for https://www.tesla.com/en_ie/models/design: 403 Client Error: Forbidden for url: https://www.tesla.com/en_ie/models/design
2026-07-23 20:14:42,978 WARNING attempt 3/3 failed for https://www.tesla.com/en_ie/models/design: 403 Client Error: Forbidden for url: https://www.tesla.com/en_ie/models/design
2026-07-23 20:14:52,505 WARNING attempt 1/3 failed for https://www.tesla.com/en_ie/modelx/design: 403 Client Error: Forbidden for url: https://www.tesla.com/en_ie/modelx/design
2026-07-23 20:14:54,549 WARNING attempt 2/3 failed for https://www.tesla.com/en_ie/modelx/design: 403 Client Error: Forbidden for url: https://www.tesla.com/en_ie/modelx/design
2026-07-23 20:14:58,593 WARNING attempt 3/3 failed for https://www.tesla.com/en_ie/modelx/design: 403 Client Error: Forbidden for url: https://www.tesla.com/en_ie/modelx/design
2026-07-23 20:15:06,790 WARNING attempt 1/3 failed for https://www.tesla.com/en_ie/cybertruck/design: 403 Client Error: Forbidden for url: https://www.tesla.com/en_ie/cybertruck/design
2026-07-23 20:15:08,838 WARNING attempt 2/3 failed for https://www.tesla.com/en_ie/cybertruck/design: 403 Client Error: Forbidden for url: https://www.tesla.com/en_ie/cybertruck/design
2026-07-23 20:15:12,887 WARNING attempt 3/3 failed for https://www.tesla.com/en_ie/cybertruck/design: 403 Client Error: Forbidden for url: https://www.tesla.com/en_ie/cybertruck/design
2026-07-23 20:15:22,468 WARNING attempt 1/3 failed for https://www.tesla.com/it_it/model3/design: 403 Client Error: Forbidden for url: https://www.tesla.com/it_it/model3/design
2026-07-23 20:15:24,509 WARNING attempt 2/3 failed for https://www.tesla.com/it_it/model3/design: 403 Client Error: Forbidden for url: https://www.tesla.com/it_it/model3/design
2026-07-23 20:15:28,557 WARNING attempt 3/3 failed for https://www.tesla.com/it_it/model3/design: 403 Client Error: Forbidden for url: https://www.tesla.com/it_it/model3/design
2026-07-23 20:15:39,427 WARNING attempt 1/3 failed for https://www.tesla.com/it_it/modely/design: 403 Client Error: Forbidden for url: https://www.tesla.com/it_it/modely/design
2026-07-23 20:15:41,469 WARNING attempt 2/3 failed for https://www.tesla.com/it_it/modely/design: 403 Client Error: Forbidden for url: https://www.tesla.com/it_it/modely/design
2026-07-23 20:15:45,510 WARNING attempt 3/3 failed for https://www.tesla.com/it_it/modely/design: 403 Client Error: Forbidden for url: https://www.tesla.com/it_it/modely/design
2026-07-23 20:15:53,569 WARNING attempt 1/3 failed for https://www.tesla.com/it_it/models/design: 403 Client Error: Forbidden for url: https://www.tesla.com/it_it/models/design
2026-07-23 20:15:55,609 WARNING attempt 2/3 failed for https://www.tesla.com/it_it/models/design: 403 Client Error: Forbidden for url: https://www.tesla.com/it_it/models/design
2026-07-23 20:15:59,753 WARNING attempt 3/3 failed for https://www.tesla.com/it_it/models/design: 403 Client Error: Forbidden for url: https://www.tesla.com/it_it/models/design
2026-07-23 20:16:09,490 WARNING attempt 1/3 failed for https://www.tesla.com/it_it/modelx/design: 403 Client Error: Forbidden for url: https://www.tesla.com/it_it/modelx/design
2026-07-23 20:16:11,532 WARNING attempt 2/3 failed for https://www.tesla.com/it_it/modelx/design: 403 Client Error: Forbidden for url: https://www.tesla.com/it_it/modelx/design
2026-07-23 20:16:15,575 WARNING attempt 3/3 failed for https://www.tesla.com/it_it/modelx/design: 403 Client Error: Forbidden for url: https://www.tesla.com/it_it/modelx/design
2026-07-23 20:16:24,406 WARNING attempt 1/3 failed for https://www.tesla.com/it_it/cybertruck/design: 403 Client Error: Forbidden for url: https://www.tesla.com/it_it/cybertruck/design
2026-07-23 20:16:26,455 WARNING attempt 2/3 failed for https://www.tesla.com/it_it/cybertruck/design: 403 Client Error: Forbidden for url: https://www.tesla.com/it_it/cybertruck/design
2026-07-23 20:16:30,498 WARNING attempt 3/3 failed for https://www.tesla.com/it_it/cybertruck/design: 403 Client Error: Forbidden for url: https://www.tesla.com/it_it/cybertruck/design
2026-07-23 20:16:40,552 WARNING attempt 1/3 failed for https://www.tesla.com/fr_lu/model3/design: 403 Client Error: Forbidden for url: https://www.tesla.com/fr_lu/model3/design
2026-07-23 20:16:42,594 WARNING attempt 2/3 failed for https://www.tesla.com/fr_lu/model3/design: 403 Client Error: Forbidden for url: https://www.tesla.com/fr_lu/model3/design
2026-07-23 20:16:46,647 WARNING attempt 3/3 failed for https://www.tesla.com/fr_lu/model3/design: 403 Client Error: Forbidden for url: https://www.tesla.com/fr_lu/model3/design
2026-07-23 20:16:55,204 WARNING attempt 1/3 failed for https://www.tesla.com/fr_lu/modely/design: 403 Client Error: Forbidden for url: https://www.tesla.com/fr_lu/modely/design
2026-07-23 20:16:57,254 WARNING attempt 2/3 failed for https://www.tesla.com/fr_lu/modely/design: 403 Client Error: Forbidden for url: https://www.tesla.com/fr_lu/modely/design
2026-07-23 20:17:01,299 WARNING attempt 3/3 failed for https://www.tesla.com/fr_lu/modely/design: 403 Client Error: Forbidden for url: https://www.tesla.com/fr_lu/modely/design
2026-07-23 20:17:10,553 WARNING attempt 1/3 failed for https://www.tesla.com/fr_lu/models/design: 403 Client Error: Forbidden for url: https://www.tesla.com/fr_lu/models/design
2026-07-23 20:17:12,597 WARNING attempt 2/3 failed for https://www.tesla.com/fr_lu/models/design: 403 Client Error: Forbidden for url: https://www.tesla.com/fr_lu/models/design
2026-07-23 20:17:16,639 WARNING attempt 3/3 failed for https://www.tesla.com/fr_lu/models/design: 403 Client Error: Forbidden for url: https://www.tesla.com/fr_lu/models/design
2026-07-23 20:17:24,934 WARNING attempt 1/3 failed for https://www.tesla.com/fr_lu/modelx/design: 403 Client Error: Forbidden for url: https://www.tesla.com/fr_lu/modelx/design
2026-07-23 20:17:26,982 WARNING attempt 2/3 failed for https://www.tesla.com/fr_lu/modelx/design: 403 Client Error: Forbidden for url: https://www.tesla.com/fr_lu/modelx/design
2026-07-23 20:17:31,035 WARNING attempt 3/3 failed for https://www.tesla.com/fr_lu/modelx/design: 403 Client Error: Forbidden for url: https://www.tesla.com/fr_lu/modelx/design
2026-07-23 20:17:40,306 WARNING attempt 1/3 failed for https://www.tesla.com/fr_lu/cybertruck/design: 403 Client Error: Forbidden for url: https://www.tesla.com/fr_lu/cybertruck/design
2026-07-23 20:17:42,346 WARNING attempt 2/3 failed for https://www.tesla.com/fr_lu/cybertruck/design: 403 Client Error: Forbidden for url: https://www.tesla.com/fr_lu/cybertruck/design
2026-07-23 20:17:46,409 WARNING attempt 3/3 failed for https://www.tesla.com/fr_lu/cybertruck/design: 403 Client Error: Forbidden for url: https://www.tesla.com/fr_lu/cybertruck/design
2026-07-23 20:17:56,198 WARNING attempt 1/3 failed for https://www.tesla.com/nl_nl/model3/design: 403 Client Error: Forbidden for url: https://www.tesla.com/nl_nl/model3/design
2026-07-23 20:17:58,241 WARNING attempt 2/3 failed for https://www.tesla.com/nl_nl/model3/design: 403 Client Error: Forbidden for url: https://www.tesla.com/nl_nl/model3/design
2026-07-23 20:18:02,303 WARNING attempt 3/3 failed for https://www.tesla.com/nl_nl/model3/design: 403 Client Error: Forbidden for url: https://www.tesla.com/nl_nl/model3/design
2026-07-23 20:18:12,993 WARNING attempt 1/3 failed for https://www.tesla.com/nl_nl/modely/design: 403 Client Error: Forbidden for url: https://www.tesla.com/nl_nl/modely/design
2026-07-23 20:18:15,036 WARNING attempt 2/3 failed for https://www.tesla.com/nl_nl/modely/design: 403 Client Error: Forbidden for url: https://www.tesla.com/nl_nl/modely/design
2026-07-23 20:18:19,088 WARNING attempt 3/3 failed for https://www.tesla.com/nl_nl/modely/design: 403 Client Error: Forbidden for url: https://www.tesla.com/nl_nl/modely/design
2026-07-23 20:18:28,567 WARNING attempt 1/3 failed for https://www.tesla.com/nl_nl/models/design: 403 Client Error: Forbidden for url: https://www.tesla.com/nl_nl/models/design
2026-07-23 20:18:30,612 WARNING attempt 2/3 failed for https://www.tesla.com/nl_nl/models/design: 403 Client Error: Forbidden for url: https://www.tesla.com/nl_nl/models/design
2026-07-23 20:18:34,654 WARNING attempt 3/3 failed for https://www.tesla.com/nl_nl/models/design: 403 Client Error: Forbidden for url: https://www.tesla.com/nl_nl/models/design
2026-07-23 20:18:45,355 WARNING attempt 1/3 failed for https://www.tesla.com/nl_nl/modelx/design: 403 Client Error: Forbidden for url: https://www.tesla.com/nl_nl/modelx/design
2026-07-23 20:18:47,399 WARNING attempt 2/3 failed for https://www.tesla.com/nl_nl/modelx/design: 403 Client Error: Forbidden for url: https://www.tesla.com/nl_nl/modelx/design
2026-07-23 20:18:51,443 WARNING attempt 3/3 failed for https://www.tesla.com/nl_nl/modelx/design: 403 Client Error: Forbidden for url: https://www.tesla.com/nl_nl/modelx/design
2026-07-23 20:18:59,958 WARNING attempt 1/3 failed for https://www.tesla.com/nl_nl/cybertruck/design: 403 Client Error: Forbidden for url: https://www.tesla.com/nl_nl/cybertruck/design
2026-07-23 20:19:01,998 WARNING attempt 2/3 failed for https://www.tesla.com/nl_nl/cybertruck/design: 403 Client Error: Forbidden for url: https://www.tesla.com/nl_nl/cybertruck/design
2026-07-23 20:19:06,137 WARNING attempt 3/3 failed for https://www.tesla.com/nl_nl/cybertruck/design: 403 Client Error: Forbidden for url: https://www.tesla.com/nl_nl/cybertruck/design
2026-07-23 20:19:16,766 WARNING attempt 1/3 failed for https://www.tesla.com/no_no/model3/design: 403 Client Error: Forbidden for url: https://www.tesla.com/no_no/model3/design
2026-07-23 20:19:18,813 WARNING attempt 2/3 failed for https://www.tesla.com/no_no/model3/design: 403 Client Error: Forbidden for url: https://www.tesla.com/no_no/model3/design
2026-07-23 20:19:22,861 WARNING attempt 3/3 failed for https://www.tesla.com/no_no/model3/design: 403 Client Error: Forbidden for url: https://www.tesla.com/no_no/model3/design
2026-07-23 20:19:33,241 WARNING attempt 1/3 failed for https://www.tesla.com/no_no/modely/design: 403 Client Error: Forbidden for url: https://www.tesla.com/no_no/modely/design
2026-07-23 20:19:35,287 WARNING attempt 2/3 failed for https://www.tesla.com/no_no/modely/design: 403 Client Error: Forbidden for url: https://www.tesla.com/no_no/modely/design
2026-07-23 20:19:39,331 WARNING attempt 3/3 failed for https://www.tesla.com/no_no/modely/design: 403 Client Error: Forbidden for url: https://www.tesla.com/no_no/modely/design
2026-07-23 20:19:48,965 WARNING attempt 1/3 failed for https://www.tesla.com/no_no/models/design: 403 Client Error: Forbidden for url: https://www.tesla.com/no_no/models/design
2026-07-23 20:19:51,027 WARNING attempt 2/3 failed for https://www.tesla.com/no_no/models/design: 403 Client Error: Forbidden for url: https://www.tesla.com/no_no/models/design
2026-07-23 20:19:55,094 WARNING attempt 3/3 failed for https://www.tesla.com/no_no/models/design: 403 Client Error: Forbidden for url: https://www.tesla.com/no_no/models/design
2026-07-23 20:20:05,741 WARNING attempt 1/3 failed for https://www.tesla.com/no_no/modelx/design: 403 Client Error: Forbidden for url: https://www.tesla.com/no_no/modelx/design
2026-07-23 20:20:07,790 WARNING attempt 2/3 failed for https://www.tesla.com/no_no/modelx/design: 403 Client Error: Forbidden for url: https://www.tesla.com/no_no/modelx/design
2026-07-23 20:20:11,830 WARNING attempt 3/3 failed for https://www.tesla.com/no_no/modelx/design: 403 Client Error: Forbidden for url: https://www.tesla.com/no_no/modelx/design
2026-07-23 20:20:22,657 WARNING attempt 1/3 failed for https://www.tesla.com/no_no/cybertruck/design: 403 Client Error: Forbidden for url: https://www.tesla.com/no_no/cybertruck/design
2026-07-23 20:20:24,704 WARNING attempt 2/3 failed for https://www.tesla.com/no_no/cybertruck/design: 403 Client Error: Forbidden for url: https://www.tesla.com/no_no/cybertruck/design
2026-07-23 20:20:28,748 WARNING attempt 3/3 failed for https://www.tesla.com/no_no/cybertruck/design: 403 Client Error: Forbidden for url: https://www.tesla.com/no_no/cybertruck/design
2026-07-23 20:20:37,808 WARNING attempt 1/3 failed for https://www.tesla.com/pl_pl/model3/design: 403 Client Error: Forbidden for url: https://www.tesla.com/pl_pl/model3/design
2026-07-23 20:20:39,855 WARNING attempt 2/3 failed for https://www.tesla.com/pl_pl/model3/design: 403 Client Error: Forbidden for url: https://www.tesla.com/pl_pl/model3/design
2026-07-23 20:20:44,000 WARNING attempt 3/3 failed for https://www.tesla.com/pl_pl/model3/design: 403 Client Error: Forbidden for url: https://www.tesla.com/pl_pl/model3/design
2026-07-23 20:20:53,698 WARNING attempt 1/3 failed for https://www.tesla.com/pl_pl/modely/design: 403 Client Error: Forbidden for url: https://www.tesla.com/pl_pl/modely/design
2026-07-23 20:20:55,760 WARNING attempt 2/3 failed for https://www.tesla.com/pl_pl/modely/design: 403 Client Error: Forbidden for url: https://www.tesla.com/pl_pl/modely/design
2026-07-23 20:20:59,814 WARNING attempt 3/3 failed for https://www.tesla.com/pl_pl/modely/design: 403 Client Error: Forbidden for url: https://www.tesla.com/pl_pl/modely/design
2026-07-23 20:21:10,816 WARNING attempt 1/3 failed for https://www.tesla.com/pl_pl/models/design: 403 Client Error: Forbidden for url: https://www.tesla.com/pl_pl/models/design
2026-07-23 20:21:12,882 WARNING attempt 2/3 failed for https://www.tesla.com/pl_pl/models/design: 403 Client Error: Forbidden for url: https://www.tesla.com/pl_pl/models/design
2026-07-23 20:21:16,941 WARNING attempt 3/3 failed for https://www.tesla.com/pl_pl/models/design: 403 Client Error: Forbidden for url: https://www.tesla.com/pl_pl/models/design
2026-07-23 20:21:27,414 WARNING attempt 1/3 failed for https://www.tesla.com/pl_pl/modelx/design: 403 Client Error: Forbidden for url: https://www.tesla.com/pl_pl/modelx/design
2026-07-23 20:21:29,460 WARNING attempt 2/3 failed for https://www.tesla.com/pl_pl/modelx/design: 403 Client Error: Forbidden for url: https://www.tesla.com/pl_pl/modelx/design
2026-07-23 20:21:33,517 WARNING attempt 3/3 failed for https://www.tesla.com/pl_pl/modelx/design: 403 Client Error: Forbidden for url: https://www.tesla.com/pl_pl/modelx/design
2026-07-23 20:21:41,902 WARNING attempt 1/3 failed for https://www.tesla.com/pl_pl/cybertruck/design: 403 Client Error: Forbidden for url: https://www.tesla.com/pl_pl/cybertruck/design
2026-07-23 20:21:43,944 WARNING attempt 2/3 failed for https://www.tesla.com/pl_pl/cybertruck/design: 403 Client Error: Forbidden for url: https://www.tesla.com/pl_pl/cybertruck/design
2026-07-23 20:21:47,990 WARNING attempt 3/3 failed for https://www.tesla.com/pl_pl/cybertruck/design: 403 Client Error: Forbidden for url: https://www.tesla.com/pl_pl/cybertruck/design
2026-07-23 20:21:58,660 WARNING attempt 1/3 failed for https://www.tesla.com/pt_pt/model3/design: 403 Client Error: Forbidden for url: https://www.tesla.com/pt_pt/model3/design
2026-07-23 20:22:00,705 WARNING attempt 2/3 failed for https://www.tesla.com/pt_pt/model3/design: 403 Client Error: Forbidden for url: https://www.tesla.com/pt_pt/model3/design
2026-07-23 20:22:04,819 WARNING attempt 3/3 failed for https://www.tesla.com/pt_pt/model3/design: 403 Client Error: Forbidden for url: https://www.tesla.com/pt_pt/model3/design
2026-07-23 20:22:13,944 WARNING attempt 1/3 failed for https://www.tesla.com/pt_pt/modely/design: 403 Client Error: Forbidden for url: https://www.tesla.com/pt_pt/modely/design
2026-07-23 20:22:15,999 WARNING attempt 2/3 failed for https://www.tesla.com/pt_pt/modely/design: 403 Client Error: Forbidden for url: https://www.tesla.com/pt_pt/modely/design
2026-07-23 20:22:20,092 WARNING attempt 3/3 failed for https://www.tesla.com/pt_pt/modely/design: 403 Client Error: Forbidden for url: https://www.tesla.com/pt_pt/modely/design
2026-07-23 20:22:29,453 WARNING attempt 1/3 failed for https://www.tesla.com/pt_pt/models/design: 403 Client Error: Forbidden for url: https://www.tesla.com/pt_pt/models/design
2026-07-23 20:22:31,518 WARNING attempt 2/3 failed for https://www.tesla.com/pt_pt/models/design: 403 Client Error: Forbidden for url: https://www.tesla.com/pt_pt/models/design
2026-07-23 20:22:35,568 WARNING attempt 3/3 failed for https://www.tesla.com/pt_pt/models/design: 403 Client Error: Forbidden for url: https://www.tesla.com/pt_pt/models/design
2026-07-23 20:22:44,907 WARNING attempt 1/3 failed for https://www.tesla.com/pt_pt/modelx/design: 403 Client Error: Forbidden for url: https://www.tesla.com/pt_pt/modelx/design
2026-07-23 20:22:46,957 WARNING attempt 2/3 failed for https://www.tesla.com/pt_pt/modelx/design: 403 Client Error: Forbidden for url: https://www.tesla.com/pt_pt/modelx/design
2026-07-23 20:22:51,031 WARNING attempt 3/3 failed for https://www.tesla.com/pt_pt/modelx/design: 403 Client Error: Forbidden for url: https://www.tesla.com/pt_pt/modelx/design
2026-07-23 20:23:00,325 WARNING attempt 1/3 failed for https://www.tesla.com/pt_pt/cybertruck/design: 403 Client Error: Forbidden for url: https://www.tesla.com/pt_pt/cybertruck/design
2026-07-23 20:23:02,374 WARNING attempt 2/3 failed for https://www.tesla.com/pt_pt/cybertruck/design: 403 Client Error: Forbidden for url: https://www.tesla.com/pt_pt/cybertruck/design
2026-07-23 20:23:06,453 WARNING attempt 3/3 failed for https://www.tesla.com/pt_pt/cybertruck/design: 403 Client Error: Forbidden for url: https://www.tesla.com/pt_pt/cybertruck/design
2026-07-23 20:23:17,351 WARNING attempt 1/3 failed for https://www.tesla.com/ro_ro/model3/design: 403 Client Error: Forbidden for url: https://www.tesla.com/ro_ro/model3/design
2026-07-23 20:23:19,471 WARNING attempt 2/3 failed for https://www.tesla.com/ro_ro/model3/design: 403 Client Error: Forbidden for url: https://www.tesla.com/ro_ro/model3/design
2026-07-23 20:23:23,521 WARNING attempt 3/3 failed for https://www.tesla.com/ro_ro/model3/design: 403 Client Error: Forbidden for url: https://www.tesla.com/ro_ro/model3/design
2026-07-23 20:23:32,551 WARNING attempt 1/3 failed for https://www.tesla.com/ro_ro/modely/design: 403 Client Error: Forbidden for url: https://www.tesla.com/ro_ro/modely/design
2026-07-23 20:23:34,609 WARNING attempt 2/3 failed for https://www.tesla.com/ro_ro/modely/design: 403 Client Error: Forbidden for url: https://www.tesla.com/ro_ro/modely/design
2026-07-23 20:23:38,654 WARNING attempt 3/3 failed for https://www.tesla.com/ro_ro/modely/design: 403 Client Error: Forbidden for url: https://www.tesla.com/ro_ro/modely/design
2026-07-23 20:23:46,705 WARNING attempt 1/3 failed for https://www.tesla.com/ro_ro/models/design: 403 Client Error: Forbidden for url: https://www.tesla.com/ro_ro/models/design
2026-07-23 20:23:48,750 WARNING attempt 2/3 failed for https://www.tesla.com/ro_ro/models/design: 403 Client Error: Forbidden for url: https://www.tesla.com/ro_ro/models/design
2026-07-23 20:23:52,795 WARNING attempt 3/3 failed for https://www.tesla.com/ro_ro/models/design: 403 Client Error: Forbidden for url: https://www.tesla.com/ro_ro/models/design
2026-07-23 20:24:03,002 WARNING attempt 1/3 failed for https://www.tesla.com/ro_ro/modelx/design: 403 Client Error: Forbidden for url: https://www.tesla.com/ro_ro/modelx/design
2026-07-23 20:24:05,054 WARNING attempt 2/3 failed for https://www.tesla.com/ro_ro/modelx/design: 403 Client Error: Forbidden for url: https://www.tesla.com/ro_ro/modelx/design
2026-07-23 20:24:09,099 WARNING attempt 3/3 failed for https://www.tesla.com/ro_ro/modelx/design: 403 Client Error: Forbidden for url: https://www.tesla.com/ro_ro/modelx/design
2026-07-23 20:24:18,859 WARNING attempt 1/3 failed for https://www.tesla.com/ro_ro/cybertruck/design: 403 Client Error: Forbidden for url: https://www.tesla.com/ro_ro/cybertruck/design
2026-07-23 20:24:20,904 WARNING attempt 2/3 failed for https://www.tesla.com/ro_ro/cybertruck/design: 403 Client Error: Forbidden for url: https://www.tesla.com/ro_ro/cybertruck/design
2026-07-23 20:24:24,954 WARNING attempt 3/3 failed for https://www.tesla.com/ro_ro/cybertruck/design: 403 Client Error: Forbidden for url: https://www.tesla.com/ro_ro/cybertruck/design
2026-07-23 20:24:33,695 WARNING attempt 1/3 failed for https://www.tesla.com/sl_si/model3/design: 403 Client Error: Forbidden for url: https://www.tesla.com/sl_si/model3/design
2026-07-23 20:24:35,739 WARNING attempt 2/3 failed for https://www.tesla.com/sl_si/model3/design: 403 Client Error: Forbidden for url: https://www.tesla.com/sl_si/model3/design
2026-07-23 20:24:39,798 WARNING attempt 3/3 failed for https://www.tesla.com/sl_si/model3/design: 403 Client Error: Forbidden for url: https://www.tesla.com/sl_si/model3/design
2026-07-23 20:24:50,258 WARNING attempt 1/3 failed for https://www.tesla.com/sl_si/modely/design: 403 Client Error: Forbidden for url: https://www.tesla.com/sl_si/modely/design
2026-07-23 20:24:52,303 WARNING attempt 2/3 failed for https://www.tesla.com/sl_si/modely/design: 403 Client Error: Forbidden for url: https://www.tesla.com/sl_si/modely/design
2026-07-23 20:24:56,349 WARNING attempt 3/3 failed for https://www.tesla.com/sl_si/modely/design: 403 Client Error: Forbidden for url: https://www.tesla.com/sl_si/modely/design
2026-07-23 20:25:04,900 WARNING attempt 1/3 failed for https://www.tesla.com/sl_si/models/design: 403 Client Error: Forbidden for url: https://www.tesla.com/sl_si/models/design
2026-07-23 20:25:06,967 WARNING attempt 2/3 failed for https://www.tesla.com/sl_si/models/design: 403 Client Error: Forbidden for url: https://www.tesla.com/sl_si/models/design
2026-07-23 20:25:11,014 WARNING attempt 3/3 failed for https://www.tesla.com/sl_si/models/design: 403 Client Error: Forbidden for url: https://www.tesla.com/sl_si/models/design
2026-07-23 20:25:19,770 WARNING attempt 1/3 failed for https://www.tesla.com/sl_si/modelx/design: 403 Client Error: Forbidden for url: https://www.tesla.com/sl_si/modelx/design
2026-07-23 20:25:21,811 WARNING attempt 2/3 failed for https://www.tesla.com/sl_si/modelx/design: 403 Client Error: Forbidden for url: https://www.tesla.com/sl_si/modelx/design
2026-07-23 20:25:25,957 WARNING attempt 3/3 failed for https://www.tesla.com/sl_si/modelx/design: 403 Client Error: Forbidden for url: https://www.tesla.com/sl_si/modelx/design
2026-07-23 20:25:35,598 WARNING attempt 1/3 failed for https://www.tesla.com/sl_si/cybertruck/design: 403 Client Error: Forbidden for url: https://www.tesla.com/sl_si/cybertruck/design
2026-07-23 20:25:37,717 WARNING attempt 2/3 failed for https://www.tesla.com/sl_si/cybertruck/design: 403 Client Error: Forbidden for url: https://www.tesla.com/sl_si/cybertruck/design
2026-07-23 20:25:41,766 WARNING attempt 3/3 failed for https://www.tesla.com/sl_si/cybertruck/design: 403 Client Error: Forbidden for url: https://www.tesla.com/sl_si/cybertruck/design
2026-07-23 20:25:51,120 WARNING attempt 1/3 failed for https://www.tesla.com/es_es/model3/design: 403 Client Error: Forbidden for url: https://www.tesla.com/es_es/model3/design
2026-07-23 20:25:53,168 WARNING attempt 2/3 failed for https://www.tesla.com/es_es/model3/design: 403 Client Error: Forbidden for url: https://www.tesla.com/es_es/model3/design
2026-07-23 20:25:57,238 WARNING attempt 3/3 failed for https://www.tesla.com/es_es/model3/design: 403 Client Error: Forbidden for url: https://www.tesla.com/es_es/model3/design
2026-07-23 20:26:05,852 WARNING attempt 1/3 failed for https://www.tesla.com/es_es/modely/design: 403 Client Error: Forbidden for url: https://www.tesla.com/es_es/modely/design
2026-07-23 20:26:07,898 WARNING attempt 2/3 failed for https://www.tesla.com/es_es/modely/design: 403 Client Error: Forbidden for url: https://www.tesla.com/es_es/modely/design
2026-07-23 20:26:12,068 WARNING attempt 3/3 failed for https://www.tesla.com/es_es/modely/design: 403 Client Error: Forbidden for url: https://www.tesla.com/es_es/modely/design
2026-07-23 20:26:21,041 WARNING attempt 1/3 failed for https://www.tesla.com/es_es/models/design: 403 Client Error: Forbidden for url: https://www.tesla.com/es_es/models/design
2026-07-23 20:26:23,083 WARNING attempt 2/3 failed for https://www.tesla.com/es_es/models/design: 403 Client Error: Forbidden for url: https://www.tesla.com/es_es/models/design
2026-07-23 20:26:27,131 WARNING attempt 3/3 failed for https://www.tesla.com/es_es/models/design: 403 Client Error: Forbidden for url: https://www.tesla.com/es_es/models/design
2026-07-23 20:26:37,569 WARNING attempt 1/3 failed for https://www.tesla.com/es_es/modelx/design: 403 Client Error: Forbidden for url: https://www.tesla.com/es_es/modelx/design
2026-07-23 20:26:39,615 WARNING attempt 2/3 failed for https://www.tesla.com/es_es/modelx/design: 403 Client Error: Forbidden for url: https://www.tesla.com/es_es/modelx/design
2026-07-23 20:26:43,665 WARNING attempt 3/3 failed for https://www.tesla.com/es_es/modelx/design: 403 Client Error: Forbidden for url: https://www.tesla.com/es_es/modelx/design
2026-07-23 20:26:52,139 WARNING attempt 1/3 failed for https://www.tesla.com/es_es/cybertruck/design: 403 Client Error: Forbidden for url: https://www.tesla.com/es_es/cybertruck/design
2026-07-23 20:26:54,183 WARNING attempt 2/3 failed for https://www.tesla.com/es_es/cybertruck/design: 403 Client Error: Forbidden for url: https://www.tesla.com/es_es/cybertruck/design
2026-07-23 20:26:58,232 WARNING attempt 3/3 failed for https://www.tesla.com/es_es/cybertruck/design: 403 Client Error: Forbidden for url: https://www.tesla.com/es_es/cybertruck/design
2026-07-23 20:27:08,276 WARNING attempt 1/3 failed for https://www.tesla.com/sv_se/model3/design: 403 Client Error: Forbidden for url: https://www.tesla.com/sv_se/model3/design
2026-07-23 20:27:10,330 WARNING attempt 2/3 failed for https://www.tesla.com/sv_se/model3/design: 403 Client Error: Forbidden for url: https://www.tesla.com/sv_se/model3/design
2026-07-23 20:27:14,380 WARNING attempt 3/3 failed for https://www.tesla.com/sv_se/model3/design: 403 Client Error: Forbidden for url: https://www.tesla.com/sv_se/model3/design
2026-07-23 20:27:24,687 WARNING attempt 1/3 failed for https://www.tesla.com/sv_se/modely/design: 403 Client Error: Forbidden for url: https://www.tesla.com/sv_se/modely/design
2026-07-23 20:27:26,733 WARNING attempt 2/3 failed for https://www.tesla.com/sv_se/modely/design: 403 Client Error: Forbidden for url: https://www.tesla.com/sv_se/modely/design
2026-07-23 20:27:30,776 WARNING attempt 3/3 failed for https://www.tesla.com/sv_se/modely/design: 403 Client Error: Forbidden for url: https://www.tesla.com/sv_se/modely/design
2026-07-23 20:27:40,364 WARNING attempt 1/3 failed for https://www.tesla.com/sv_se/models/design: 403 Client Error: Forbidden for url: https://www.tesla.com/sv_se/models/design
2026-07-23 20:27:42,409 WARNING attempt 2/3 failed for https://www.tesla.com/sv_se/models/design: 403 Client Error: Forbidden for url: https://www.tesla.com/sv_se/models/design
2026-07-23 20:27:46,479 WARNING attempt 3/3 failed for https://www.tesla.com/sv_se/models/design: 403 Client Error: Forbidden for url: https://www.tesla.com/sv_se/models/design
2026-07-23 20:27:56,163 WARNING attempt 1/3 failed for https://www.tesla.com/sv_se/modelx/design: 403 Client Error: Forbidden for url: https://www.tesla.com/sv_se/modelx/design
2026-07-23 20:27:58,206 WARNING attempt 2/3 failed for https://www.tesla.com/sv_se/modelx/design: 403 Client Error: Forbidden for url: https://www.tesla.com/sv_se/modelx/design
2026-07-23 20:28:02,249 WARNING attempt 3/3 failed for https://www.tesla.com/sv_se/modelx/design: 403 Client Error: Forbidden for url: https://www.tesla.com/sv_se/modelx/design
2026-07-23 20:28:10,589 WARNING attempt 1/3 failed for https://www.tesla.com/sv_se/cybertruck/design: 403 Client Error: Forbidden for url: https://www.tesla.com/sv_se/cybertruck/design
2026-07-23 20:28:12,632 WARNING attempt 2/3 failed for https://www.tesla.com/sv_se/cybertruck/design: 403 Client Error: Forbidden for url: https://www.tesla.com/sv_se/cybertruck/design
2026-07-23 20:28:16,676 WARNING attempt 3/3 failed for https://www.tesla.com/sv_se/cybertruck/design: 403 Client Error: Forbidden for url: https://www.tesla.com/sv_se/cybertruck/design
2026-07-23 20:28:25,864 WARNING attempt 1/3 failed for https://www.tesla.com/de_ch/model3/design: 403 Client Error: Forbidden for url: https://www.tesla.com/de_ch/model3/design
2026-07-23 20:28:27,908 WARNING attempt 2/3 failed for https://www.tesla.com/de_ch/model3/design: 403 Client Error: Forbidden for url: https://www.tesla.com/de_ch/model3/design
2026-07-23 20:28:31,988 WARNING attempt 3/3 failed for https://www.tesla.com/de_ch/model3/design: 403 Client Error: Forbidden for url: https://www.tesla.com/de_ch/model3/design
2026-07-23 20:28:42,474 WARNING attempt 1/3 failed for https://www.tesla.com/de_ch/modely/design: 403 Client Error: Forbidden for url: https://www.tesla.com/de_ch/modely/design
2026-07-23 20:28:44,517 WARNING attempt 2/3 failed for https://www.tesla.com/de_ch/modely/design: 403 Client Error: Forbidden for url: https://www.tesla.com/de_ch/modely/design
2026-07-23 20:28:48,598 WARNING attempt 3/3 failed for https://www.tesla.com/de_ch/modely/design: 403 Client Error: Forbidden for url: https://www.tesla.com/de_ch/modely/design
2026-07-23 20:28:59,263 WARNING attempt 1/3 failed for https://www.tesla.com/de_ch/models/design: 403 Client Error: Forbidden for url: https://www.tesla.com/de_ch/models/design
2026-07-23 20:29:01,324 WARNING attempt 2/3 failed for https://www.tesla.com/de_ch/models/design: 403 Client Error: Forbidden for url: https://www.tesla.com/de_ch/models/design
2026-07-23 20:29:05,370 WARNING attempt 3/3 failed for https://www.tesla.com/de_ch/models/design: 403 Client Error: Forbidden for url: https://www.tesla.com/de_ch/models/design
2026-07-23 20:29:16,317 WARNING attempt 1/3 failed for https://www.tesla.com/de_ch/modelx/design: 403 Client Error: Forbidden for url: https://www.tesla.com/de_ch/modelx/design
2026-07-23 20:29:18,356 WARNING attempt 2/3 failed for https://www.tesla.com/de_ch/modelx/design: 403 Client Error: Forbidden for url: https://www.tesla.com/de_ch/modelx/design
2026-07-23 20:29:22,412 WARNING attempt 3/3 failed for https://www.tesla.com/de_ch/modelx/design: 403 Client Error: Forbidden for url: https://www.tesla.com/de_ch/modelx/design
2026-07-23 20:29:32,538 WARNING attempt 1/3 failed for https://www.tesla.com/de_ch/cybertruck/design: 403 Client Error: Forbidden for url: https://www.tesla.com/de_ch/cybertruck/design
2026-07-23 20:29:34,577 WARNING attempt 2/3 failed for https://www.tesla.com/de_ch/cybertruck/design: 403 Client Error: Forbidden for url: https://www.tesla.com/de_ch/cybertruck/design
2026-07-23 20:29:38,622 WARNING attempt 3/3 failed for https://www.tesla.com/de_ch/cybertruck/design: 403 Client Error: Forbidden for url: https://www.tesla.com/de_ch/cybertruck/design
2026-07-23 20:29:47,036 WARNING attempt 1/3 failed for https://www.tesla.com/en_gb/model3/design: 403 Client Error: Forbidden for url: https://www.tesla.com/en_gb/model3/design
2026-07-23 20:29:49,081 WARNING attempt 2/3 failed for https://www.tesla.com/en_gb/model3/design: 403 Client Error: Forbidden for url: https://www.tesla.com/en_gb/model3/design
2026-07-23 20:29:53,128 WARNING attempt 3/3 failed for https://www.tesla.com/en_gb/model3/design: 403 Client Error: Forbidden for url: https://www.tesla.com/en_gb/model3/design
2026-07-23 20:30:01,512 WARNING attempt 1/3 failed for https://www.tesla.com/en_gb/modely/design: 403 Client Error: Forbidden for url: https://www.tesla.com/en_gb/modely/design
2026-07-23 20:30:03,560 WARNING attempt 2/3 failed for https://www.tesla.com/en_gb/modely/design: 403 Client Error: Forbidden for url: https://www.tesla.com/en_gb/modely/design
2026-07-23 20:30:07,656 WARNING attempt 3/3 failed for https://www.tesla.com/en_gb/modely/design: 403 Client Error: Forbidden for url: https://www.tesla.com/en_gb/modely/design
2026-07-23 20:30:18,507 WARNING attempt 1/3 failed for https://www.tesla.com/en_gb/models/design: 403 Client Error: Forbidden for url: https://www.tesla.com/en_gb/models/design
2026-07-23 20:30:20,548 WARNING attempt 2/3 failed for https://www.tesla.com/en_gb/models/design: 403 Client Error: Forbidden for url: https://www.tesla.com/en_gb/models/design
2026-07-23 20:30:24,593 WARNING attempt 3/3 failed for https://www.tesla.com/en_gb/models/design: 403 Client Error: Forbidden for url: https://www.tesla.com/en_gb/models/design
2026-07-23 20:30:35,515 WARNING attempt 1/3 failed for https://www.tesla.com/en_gb/modelx/design: 403 Client Error: Forbidden for url: https://www.tesla.com/en_gb/modelx/design
2026-07-23 20:30:37,557 WARNING attempt 2/3 failed for https://www.tesla.com/en_gb/modelx/design: 403 Client Error: Forbidden for url: https://www.tesla.com/en_gb/modelx/design
2026-07-23 20:30:41,597 WARNING attempt 3/3 failed for https://www.tesla.com/en_gb/modelx/design: 403 Client Error: Forbidden for url: https://www.tesla.com/en_gb/modelx/design
2026-07-23 20:30:51,399 WARNING attempt 1/3 failed for https://www.tesla.com/en_gb/cybertruck/design: 403 Client Error: Forbidden for url: https://www.tesla.com/en_gb/cybertruck/design
2026-07-23 20:30:53,446 WARNING attempt 2/3 failed for https://www.tesla.com/en_gb/cybertruck/design: 403 Client Error: Forbidden for url: https://www.tesla.com/en_gb/cybertruck/design
2026-07-23 20:30:57,512 WARNING attempt 3/3 failed for https://www.tesla.com/en_gb/cybertruck/design: 403 Client Error: Forbidden for url: https://www.tesla.com/en_gb/cybertruck/design
2026-07-23 20:31:06,491 WARNING attempt 1/3 failed for https://www.tesla.com/he_il/model3/design: 403 Client Error: Forbidden for url: https://www.tesla.com/he_il/model3/design
2026-07-23 20:31:08,537 WARNING attempt 2/3 failed for https://www.tesla.com/he_il/model3/design: 403 Client Error: Forbidden for url: https://www.tesla.com/he_il/model3/design
2026-07-23 20:31:12,584 WARNING attempt 3/3 failed for https://www.tesla.com/he_il/model3/design: 403 Client Error: Forbidden for url: https://www.tesla.com/he_il/model3/design
2026-07-23 20:31:22,017 WARNING attempt 1/3 failed for https://www.tesla.com/he_il/modely/design: 403 Client Error: Forbidden for url: https://www.tesla.com/he_il/modely/design
2026-07-23 20:31:24,067 WARNING attempt 2/3 failed for https://www.tesla.com/he_il/modely/design: 403 Client Error: Forbidden for url: https://www.tesla.com/he_il/modely/design
2026-07-23 20:31:28,109 WARNING attempt 3/3 failed for https://www.tesla.com/he_il/modely/design: 403 Client Error: Forbidden for url: https://www.tesla.com/he_il/modely/design
2026-07-23 20:31:37,738 WARNING attempt 1/3 failed for https://www.tesla.com/he_il/models/design: 403 Client Error: Forbidden for url: https://www.tesla.com/he_il/models/design
2026-07-23 20:31:39,784 WARNING attempt 2/3 failed for https://www.tesla.com/he_il/models/design: 403 Client Error: Forbidden for url: https://www.tesla.com/he_il/models/design
2026-07-23 20:31:43,932 WARNING attempt 3/3 failed for https://www.tesla.com/he_il/models/design: 403 Client Error: Forbidden for url: https://www.tesla.com/he_il/models/design
2026-07-23 20:31:53,641 WARNING attempt 1/3 failed for https://www.tesla.com/he_il/modelx/design: 403 Client Error: Forbidden for url: https://www.tesla.com/he_il/modelx/design
2026-07-23 20:31:55,729 WARNING attempt 2/3 failed for https://www.tesla.com/he_il/modelx/design: 403 Client Error: Forbidden for url: https://www.tesla.com/he_il/modelx/design
2026-07-23 20:31:59,798 WARNING attempt 3/3 failed for https://www.tesla.com/he_il/modelx/design: 403 Client Error: Forbidden for url: https://www.tesla.com/he_il/modelx/design
2026-07-23 20:32:08,966 WARNING attempt 1/3 failed for https://www.tesla.com/he_il/cybertruck/design: 403 Client Error: Forbidden for url: https://www.tesla.com/he_il/cybertruck/design
2026-07-23 20:32:11,010 WARNING attempt 2/3 failed for https://www.tesla.com/he_il/cybertruck/design: 403 Client Error: Forbidden for url: https://www.tesla.com/he_il/cybertruck/design
2026-07-23 20:32:15,057 WARNING attempt 3/3 failed for https://www.tesla.com/he_il/cybertruck/design: 403 Client Error: Forbidden for url: https://www.tesla.com/he_il/cybertruck/design
2026-07-23 20:32:25,647 WARNING attempt 1/3 failed for https://www.tesla.com/ar_ae/model3/design: 403 Client Error: Forbidden for url: https://www.tesla.com/ar_ae/model3/design
2026-07-23 20:32:27,701 WARNING attempt 2/3 failed for https://www.tesla.com/ar_ae/model3/design: 403 Client Error: Forbidden for url: https://www.tesla.com/ar_ae/model3/design
2026-07-23 20:32:31,777 WARNING attempt 3/3 failed for https://www.tesla.com/ar_ae/model3/design: 403 Client Error: Forbidden for url: https://www.tesla.com/ar_ae/model3/design
2026-07-23 20:32:41,184 WARNING attempt 1/3 failed for https://www.tesla.com/ar_ae/modely/design: 403 Client Error: Forbidden for url: https://www.tesla.com/ar_ae/modely/design
2026-07-23 20:32:43,238 WARNING attempt 2/3 failed for https://www.tesla.com/ar_ae/modely/design: 403 Client Error: Forbidden for url: https://www.tesla.com/ar_ae/modely/design
2026-07-23 20:32:47,286 WARNING attempt 3/3 failed for https://www.tesla.com/ar_ae/modely/design: 403 Client Error: Forbidden for url: https://www.tesla.com/ar_ae/modely/design
2026-07-23 20:32:56,337 WARNING attempt 1/3 failed for https://www.tesla.com/ar_ae/models/design: 403 Client Error: Forbidden for url: https://www.tesla.com/ar_ae/models/design
2026-07-23 20:32:58,380 WARNING attempt 2/3 failed for https://www.tesla.com/ar_ae/models/design: 403 Client Error: Forbidden for url: https://www.tesla.com/ar_ae/models/design
2026-07-23 20:33:02,454 WARNING attempt 3/3 failed for https://www.tesla.com/ar_ae/models/design: 403 Client Error: Forbidden for url: https://www.tesla.com/ar_ae/models/design
2026-07-23 20:33:13,191 WARNING attempt 1/3 failed for https://www.tesla.com/ar_ae/modelx/design: 403 Client Error: Forbidden for url: https://www.tesla.com/ar_ae/modelx/design
2026-07-23 20:33:15,237 WARNING attempt 2/3 failed for https://www.tesla.com/ar_ae/modelx/design: 403 Client Error: Forbidden for url: https://www.tesla.com/ar_ae/modelx/design
2026-07-23 20:33:19,387 WARNING attempt 3/3 failed for https://www.tesla.com/ar_ae/modelx/design: 403 Client Error: Forbidden for url: https://www.tesla.com/ar_ae/modelx/design
2026-07-23 20:33:28,715 WARNING attempt 1/3 failed for https://www.tesla.com/ar_ae/cybertruck/design: 403 Client Error: Forbidden for url: https://www.tesla.com/ar_ae/cybertruck/design
2026-07-23 20:33:30,770 WARNING attempt 2/3 failed for https://www.tesla.com/ar_ae/cybertruck/design: 403 Client Error: Forbidden for url: https://www.tesla.com/ar_ae/cybertruck/design
2026-07-23 20:33:34,817 WARNING attempt 3/3 failed for https://www.tesla.com/ar_ae/cybertruck/design: 403 Client Error: Forbidden for url: https://www.tesla.com/ar_ae/cybertruck/design
2026-07-23 20:33:44,088 WARNING attempt 1/3 failed for https://www.tesla.com/en_qa/model3/design: 403 Client Error: Forbidden for url: https://www.tesla.com/en_qa/model3/design
2026-07-23 20:33:46,136 WARNING attempt 2/3 failed for https://www.tesla.com/en_qa/model3/design: 403 Client Error: Forbidden for url: https://www.tesla.com/en_qa/model3/design
2026-07-23 20:33:50,186 WARNING attempt 3/3 failed for https://www.tesla.com/en_qa/model3/design: 403 Client Error: Forbidden for url: https://www.tesla.com/en_qa/model3/design
2026-07-23 20:33:59,340 WARNING attempt 1/3 failed for https://www.tesla.com/en_qa/modely/design: 403 Client Error: Forbidden for url: https://www.tesla.com/en_qa/modely/design
2026-07-23 20:34:01,394 WARNING attempt 2/3 failed for https://www.tesla.com/en_qa/modely/design: 403 Client Error: Forbidden for url: https://www.tesla.com/en_qa/modely/design
2026-07-23 20:34:05,445 WARNING attempt 3/3 failed for https://www.tesla.com/en_qa/modely/design: 403 Client Error: Forbidden for url: https://www.tesla.com/en_qa/modely/design
2026-07-23 20:34:15,015 WARNING attempt 1/3 failed for https://www.tesla.com/en_qa/models/design: 403 Client Error: Forbidden for url: https://www.tesla.com/en_qa/models/design
2026-07-23 20:34:17,060 WARNING attempt 2/3 failed for https://www.tesla.com/en_qa/models/design: 403 Client Error: Forbidden for url: https://www.tesla.com/en_qa/models/design
2026-07-23 20:34:21,101 WARNING attempt 3/3 failed for https://www.tesla.com/en_qa/models/design: 403 Client Error: Forbidden for url: https://www.tesla.com/en_qa/models/design
2026-07-23 20:34:31,120 WARNING attempt 1/3 failed for https://www.tesla.com/en_qa/modelx/design: 403 Client Error: Forbidden for url: https://www.tesla.com/en_qa/modelx/design
2026-07-23 20:34:33,172 WARNING attempt 2/3 failed for https://www.tesla.com/en_qa/modelx/design: 403 Client Error: Forbidden for url: https://www.tesla.com/en_qa/modelx/design
2026-07-23 20:34:37,227 WARNING attempt 3/3 failed for https://www.tesla.com/en_qa/modelx/design: 403 Client Error: Forbidden for url: https://www.tesla.com/en_qa/modelx/design
2026-07-23 20:34:47,774 WARNING attempt 1/3 failed for https://www.tesla.com/en_qa/cybertruck/design: 403 Client Error: Forbidden for url: https://www.tesla.com/en_qa/cybertruck/design
2026-07-23 20:34:49,826 WARNING attempt 2/3 failed for https://www.tesla.com/en_qa/cybertruck/design: 403 Client Error: Forbidden for url: https://www.tesla.com/en_qa/cybertruck/design
2026-07-23 20:34:53,897 WARNING attempt 3/3 failed for https://www.tesla.com/en_qa/cybertruck/design: 403 Client Error: Forbidden for url: https://www.tesla.com/en_qa/cybertruck/design
2026-07-23 20:35:04,282 WARNING attempt 1/3 failed for https://www.tesla.com/en_jo/model3/design: 403 Client Error: Forbidden for url: https://www.tesla.com/en_jo/model3/design
2026-07-23 20:35:06,330 WARNING attempt 2/3 failed for https://www.tesla.com/en_jo/model3/design: 403 Client Error: Forbidden for url: https://www.tesla.com/en_jo/model3/design
2026-07-23 20:35:10,413 WARNING attempt 3/3 failed for https://www.tesla.com/en_jo/model3/design: 403 Client Error: Forbidden for url: https://www.tesla.com/en_jo/model3/design
2026-07-23 20:35:21,047 WARNING attempt 1/3 failed for https://www.tesla.com/en_jo/modely/design: 403 Client Error: Forbidden for url: https://www.tesla.com/en_jo/modely/design
2026-07-23 20:35:23,098 WARNING attempt 2/3 failed for https://www.tesla.com/en_jo/modely/design: 403 Client Error: Forbidden for url: https://www.tesla.com/en_jo/modely/design
2026-07-23 20:35:27,154 WARNING attempt 3/3 failed for https://www.tesla.com/en_jo/modely/design: 403 Client Error: Forbidden for url: https://www.tesla.com/en_jo/modely/design
2026-07-23 20:35:36,274 WARNING attempt 1/3 failed for https://www.tesla.com/en_jo/models/design: 403 Client Error: Forbidden for url: https://www.tesla.com/en_jo/models/design
2026-07-23 20:35:38,320 WARNING attempt 2/3 failed for https://www.tesla.com/en_jo/models/design: 403 Client Error: Forbidden for url: https://www.tesla.com/en_jo/models/design
2026-07-23 20:35:42,382 WARNING attempt 3/3 failed for https://www.tesla.com/en_jo/models/design: 403 Client Error: Forbidden for url: https://www.tesla.com/en_jo/models/design
2026-07-23 20:35:53,268 WARNING attempt 1/3 failed for https://www.tesla.com/en_jo/modelx/design: 403 Client Error: Forbidden for url: https://www.tesla.com/en_jo/modelx/design
2026-07-23 20:35:55,319 WARNING attempt 2/3 failed for https://www.tesla.com/en_jo/modelx/design: 403 Client Error: Forbidden for url: https://www.tesla.com/en_jo/modelx/design
2026-07-23 20:35:59,374 WARNING attempt 3/3 failed for https://www.tesla.com/en_jo/modelx/design: 403 Client Error: Forbidden for url: https://www.tesla.com/en_jo/modelx/design
2026-07-23 20:36:09,898 WARNING attempt 1/3 failed for https://www.tesla.com/en_jo/cybertruck/design: 403 Client Error: Forbidden for url: https://www.tesla.com/en_jo/cybertruck/design
2026-07-23 20:36:11,950 WARNING attempt 2/3 failed for https://www.tesla.com/en_jo/cybertruck/design: 403 Client Error: Forbidden for url: https://www.tesla.com/en_jo/cybertruck/design
2026-07-23 20:36:16,011 WARNING attempt 3/3 failed for https://www.tesla.com/en_jo/cybertruck/design: 403 Client Error: Forbidden for url: https://www.tesla.com/en_jo/cybertruck/design
2026-07-23 20:36:28,800 INFO China / model3: 4 trims
2026-07-23 20:36:34,169 INFO China / modely: 4 trims
2026-07-23 20:36:39,575 ERROR China / models: page fetched but no prices parsed (https://www.tesla.cn/models/design)
2026-07-23 20:36:44,146 ERROR China / modelx: page fetched but no prices parsed (https://www.tesla.cn/modelx/design)
2026-07-23 20:36:58,777 WARNING attempt 1/3 failed for https://www.tesla.cn/cybertruck/design: 522 Server Error: Connect origin timed out for url: https://www.tesla.cn/cybertruck/design
2026-07-23 20:37:10,903 WARNING attempt 2/3 failed for https://www.tesla.cn/cybertruck/design: 522 Server Error: Connect origin timed out for url: https://www.tesla.cn/cybertruck/design
2026-07-23 20:37:24,991 WARNING attempt 3/3 failed for https://www.tesla.cn/cybertruck/design: 522 Server Error: Connect origin timed out for url: https://www.tesla.cn/cybertruck/design
2026-07-23 20:37:35,139 WARNING attempt 1/3 failed for https://www.tesla.com/en_hk/model3/design: 403 Client Error: Forbidden for url: https://www.tesla.com/en_hk/model3/design
2026-07-23 20:37:37,189 WARNING attempt 2/3 failed for https://www.tesla.com/en_hk/model3/design: 403 Client Error: Forbidden for url: https://www.tesla.com/en_hk/model3/design
2026-07-23 20:37:41,235 WARNING attempt 3/3 failed for https://www.tesla.com/en_hk/model3/design: 403 Client Error: Forbidden for url: https://www.tesla.com/en_hk/model3/design
2026-07-23 20:37:51,095 WARNING attempt 1/3 failed for https://www.tesla.com/en_hk/modely/design: 403 Client Error: Forbidden for url: https://www.tesla.com/en_hk/modely/design
2026-07-23 20:37:53,264 WARNING attempt 2/3 failed for https://www.tesla.com/en_hk/modely/design: 403 Client Error: Forbidden for url: https://www.tesla.com/en_hk/modely/design
2026-07-23 20:37:57,314 WARNING attempt 3/3 failed for https://www.tesla.com/en_hk/modely/design: 403 Client Error: Forbidden for url: https://www.tesla.com/en_hk/modely/design
2026-07-23 20:38:08,302 WARNING attempt 1/3 failed for https://www.tesla.com/en_hk/models/design: 403 Client Error: Forbidden for url: https://www.tesla.com/en_hk/models/design
2026-07-23 20:38:10,349 WARNING attempt 2/3 failed for https://www.tesla.com/en_hk/models/design: 403 Client Error: Forbidden for url: https://www.tesla.com/en_hk/models/design
2026-07-23 20:38:14,410 WARNING attempt 3/3 failed for https://www.tesla.com/en_hk/models/design: 403 Client Error: Forbidden for url: https://www.tesla.com/en_hk/models/design
2026-07-23 20:38:25,285 WARNING attempt 1/3 failed for https://www.tesla.com/en_hk/modelx/design: 403 Client Error: Forbidden for url: https://www.tesla.com/en_hk/modelx/design
2026-07-23 20:38:27,328 WARNING attempt 2/3 failed for https://www.tesla.com/en_hk/modelx/design: 403 Client Error: Forbidden for url: https://www.tesla.com/en_hk/modelx/design
2026-07-23 20:38:31,377 WARNING attempt 3/3 failed for https://www.tesla.com/en_hk/modelx/design: 403 Client Error: Forbidden for url: https://www.tesla.com/en_hk/modelx/design
2026-07-23 20:38:41,589 WARNING attempt 1/3 failed for https://www.tesla.com/en_hk/cybertruck/design: 403 Client Error: Forbidden for url: https://www.tesla.com/en_hk/cybertruck/design
2026-07-23 20:38:43,639 WARNING attempt 2/3 failed for https://www.tesla.com/en_hk/cybertruck/design: 403 Client Error: Forbidden for url: https://www.tesla.com/en_hk/cybertruck/design
2026-07-23 20:38:47,696 WARNING attempt 3/3 failed for https://www.tesla.com/en_hk/cybertruck/design: 403 Client Error: Forbidden for url: https://www.tesla.com/en_hk/cybertruck/design
2026-07-23 20:38:56,424 WARNING attempt 1/3 failed for https://www.tesla.com/en_mo/model3/design: 403 Client Error: Forbidden for url: https://www.tesla.com/en_mo/model3/design
2026-07-23 20:38:58,486 WARNING attempt 2/3 failed for https://www.tesla.com/en_mo/model3/design: 403 Client Error: Forbidden for url: https://www.tesla.com/en_mo/model3/design
2026-07-23 20:39:02,528 WARNING attempt 3/3 failed for https://www.tesla.com/en_mo/model3/design: 403 Client Error: Forbidden for url: https://www.tesla.com/en_mo/model3/design
2026-07-23 20:39:12,021 WARNING attempt 1/3 failed for https://www.tesla.com/en_mo/modely/design: 403 Client Error: Forbidden for url: https://www.tesla.com/en_mo/modely/design
2026-07-23 20:39:14,069 WARNING attempt 2/3 failed for https://www.tesla.com/en_mo/modely/design: 403 Client Error: Forbidden for url: https://www.tesla.com/en_mo/modely/design
2026-07-23 20:39:18,111 WARNING attempt 3/3 failed for https://www.tesla.com/en_mo/modely/design: 403 Client Error: Forbidden for url: https://www.tesla.com/en_mo/modely/design
2026-07-23 20:39:28,905 WARNING attempt 1/3 failed for https://www.tesla.com/en_mo/models/design: 403 Client Error: Forbidden for url: https://www.tesla.com/en_mo/models/design
2026-07-23 20:39:30,952 WARNING attempt 2/3 failed for https://www.tesla.com/en_mo/models/design: 403 Client Error: Forbidden for url: https://www.tesla.com/en_mo/models/design
2026-07-23 20:39:35,024 WARNING attempt 3/3 failed for https://www.tesla.com/en_mo/models/design: 403 Client Error: Forbidden for url: https://www.tesla.com/en_mo/models/design
2026-07-23 20:39:43,668 WARNING attempt 1/3 failed for https://www.tesla.com/en_mo/modelx/design: 403 Client Error: Forbidden for url: https://www.tesla.com/en_mo/modelx/design
2026-07-23 20:39:45,720 WARNING attempt 2/3 failed for https://www.tesla.com/en_mo/modelx/design: 403 Client Error: Forbidden for url: https://www.tesla.com/en_mo/modelx/design
2026-07-23 20:39:49,763 WARNING attempt 3/3 failed for https://www.tesla.com/en_mo/modelx/design: 403 Client Error: Forbidden for url: https://www.tesla.com/en_mo/modelx/design
2026-07-23 20:40:01,316 WARNING attempt 1/3 failed for https://www.tesla.com/en_mo/cybertruck/design: 403 Client Error: Forbidden for url: https://www.tesla.com/en_mo/cybertruck/design
2026-07-23 20:40:03,358 WARNING attempt 2/3 failed for https://www.tesla.com/en_mo/cybertruck/design: 403 Client Error: Forbidden for url: https://www.tesla.com/en_mo/cybertruck/design
2026-07-23 20:40:07,414 WARNING attempt 3/3 failed for https://www.tesla.com/en_mo/cybertruck/design: 403 Client Error: Forbidden for url: https://www.tesla.com/en_mo/cybertruck/design
2026-07-23 20:40:15,835 WARNING attempt 1/3 failed for https://www.tesla.com/ja_jp/model3/design: 403 Client Error: Forbidden for url: https://www.tesla.com/ja_jp/model3/design
2026-07-23 20:40:17,876 WARNING attempt 2/3 failed for https://www.tesla.com/ja_jp/model3/design: 403 Client Error: Forbidden for url: https://www.tesla.com/ja_jp/model3/design
2026-07-23 20:40:21,940 WARNING attempt 3/3 failed for https://www.tesla.com/ja_jp/model3/design: 403 Client Error: Forbidden for url: https://www.tesla.com/ja_jp/model3/design
2026-07-23 20:40:30,933 WARNING attempt 1/3 failed for https://www.tesla.com/ja_jp/modely/design: 403 Client Error: Forbidden for url: https://www.tesla.com/ja_jp/modely/design
2026-07-23 20:40:33,000 WARNING attempt 2/3 failed for https://www.tesla.com/ja_jp/modely/design: 403 Client Error: Forbidden for url: https://www.tesla.com/ja_jp/modely/design
2026-07-23 20:40:37,060 WARNING attempt 3/3 failed for https://www.tesla.com/ja_jp/modely/design: 403 Client Error: Forbidden for url: https://www.tesla.com/ja_jp/modely/design
2026-07-23 20:40:46,123 WARNING attempt 1/3 failed for https://www.tesla.com/ja_jp/models/design: 403 Client Error: Forbidden for url: https://www.tesla.com/ja_jp/models/design
2026-07-23 20:40:48,183 WARNING attempt 2/3 failed for https://www.tesla.com/ja_jp/models/design: 403 Client Error: Forbidden for url: https://www.tesla.com/ja_jp/models/design
2026-07-23 20:40:52,230 WARNING attempt 3/3 failed for https://www.tesla.com/ja_jp/models/design: 403 Client Error: Forbidden for url: https://www.tesla.com/ja_jp/models/design
2026-07-23 20:41:02,325 WARNING attempt 1/3 failed for https://www.tesla.com/ja_jp/modelx/design: 403 Client Error: Forbidden for url: https://www.tesla.com/ja_jp/modelx/design
2026-07-23 20:41:04,369 WARNING attempt 2/3 failed for https://www.tesla.com/ja_jp/modelx/design: 403 Client Error: Forbidden for url: https://www.tesla.com/ja_jp/modelx/design
2026-07-23 20:41:08,508 WARNING attempt 3/3 failed for https://www.tesla.com/ja_jp/modelx/design: 403 Client Error: Forbidden for url: https://www.tesla.com/ja_jp/modelx/design
2026-07-23 20:41:19,305 WARNING attempt 1/3 failed for https://www.tesla.com/ja_jp/cybertruck/design: 403 Client Error: Forbidden for url: https://www.tesla.com/ja_jp/cybertruck/design
2026-07-23 20:41:21,350 WARNING attempt 2/3 failed for https://www.tesla.com/ja_jp/cybertruck/design: 403 Client Error: Forbidden for url: https://www.tesla.com/ja_jp/cybertruck/design
2026-07-23 20:41:25,400 WARNING attempt 3/3 failed for https://www.tesla.com/ja_jp/cybertruck/design: 403 Client Error: Forbidden for url: https://www.tesla.com/ja_jp/cybertruck/design
2026-07-23 20:41:36,352 WARNING attempt 1/3 failed for https://www.tesla.com/ko_kr/model3/design: 403 Client Error: Forbidden for url: https://www.tesla.com/ko_kr/model3/design
2026-07-23 20:41:38,402 WARNING attempt 2/3 failed for https://www.tesla.com/ko_kr/model3/design: 403 Client Error: Forbidden for url: https://www.tesla.com/ko_kr/model3/design
2026-07-23 20:41:42,460 WARNING attempt 3/3 failed for https://www.tesla.com/ko_kr/model3/design: 403 Client Error: Forbidden for url: https://www.tesla.com/ko_kr/model3/design
2026-07-23 20:41:50,948 WARNING attempt 1/3 failed for https://www.tesla.com/ko_kr/modely/design: 403 Client Error: Forbidden for url: https://www.tesla.com/ko_kr/modely/design
2026-07-23 20:41:52,986 WARNING attempt 2/3 failed for https://www.tesla.com/ko_kr/modely/design: 403 Client Error: Forbidden for url: https://www.tesla.com/ko_kr/modely/design
2026-07-23 20:41:57,049 WARNING attempt 3/3 failed for https://www.tesla.com/ko_kr/modely/design: 403 Client Error: Forbidden for url: https://www.tesla.com/ko_kr/modely/design
2026-07-23 20:42:06,566 WARNING attempt 1/3 failed for https://www.tesla.com/ko_kr/models/design: 403 Client Error: Forbidden for url: https://www.tesla.com/ko_kr/models/design
2026-07-23 20:42:08,609 WARNING attempt 2/3 failed for https://www.tesla.com/ko_kr/models/design: 403 Client Error: Forbidden for url: https://www.tesla.com/ko_kr/models/design
2026-07-23 20:42:12,656 WARNING attempt 3/3 failed for https://www.tesla.com/ko_kr/models/design: 403 Client Error: Forbidden for url: https://www.tesla.com/ko_kr/models/design
2026-07-23 20:42:21,658 WARNING attempt 1/3 failed for https://www.tesla.com/ko_kr/modelx/design: 403 Client Error: Forbidden for url: https://www.tesla.com/ko_kr/modelx/design
2026-07-23 20:42:23,700 WARNING attempt 2/3 failed for https://www.tesla.com/ko_kr/modelx/design: 403 Client Error: Forbidden for url: https://www.tesla.com/ko_kr/modelx/design
2026-07-23 20:42:27,746 WARNING attempt 3/3 failed for https://www.tesla.com/ko_kr/modelx/design: 403 Client Error: Forbidden for url: https://www.tesla.com/ko_kr/modelx/design
2026-07-23 20:42:38,205 WARNING attempt 1/3 failed for https://www.tesla.com/ko_kr/cybertruck/design: 403 Client Error: Forbidden for url: https://www.tesla.com/ko_kr/cybertruck/design
2026-07-23 20:42:40,249 WARNING attempt 2/3 failed for https://www.tesla.com/ko_kr/cybertruck/design: 403 Client Error: Forbidden for url: https://www.tesla.com/ko_kr/cybertruck/design
2026-07-23 20:42:44,334 WARNING attempt 3/3 failed for https://www.tesla.com/ko_kr/cybertruck/design: 403 Client Error: Forbidden for url: https://www.tesla.com/ko_kr/cybertruck/design
2026-07-23 20:42:53,727 WARNING attempt 1/3 failed for https://www.tesla.com/zh_tw/model3/design: 403 Client Error: Forbidden for url: https://www.tesla.com/zh_tw/model3/design
2026-07-23 20:42:55,769 WARNING attempt 2/3 failed for https://www.tesla.com/zh_tw/model3/design: 403 Client Error: Forbidden for url: https://www.tesla.com/zh_tw/model3/design
2026-07-23 20:42:59,811 WARNING attempt 3/3 failed for https://www.tesla.com/zh_tw/model3/design: 403 Client Error: Forbidden for url: https://www.tesla.com/zh_tw/model3/design
2026-07-23 20:43:08,311 WARNING attempt 1/3 failed for https://www.tesla.com/zh_tw/modely/design: 403 Client Error: Forbidden for url: https://www.tesla.com/zh_tw/modely/design
2026-07-23 20:43:10,369 WARNING attempt 2/3 failed for https://www.tesla.com/zh_tw/modely/design: 403 Client Error: Forbidden for url: https://www.tesla.com/zh_tw/modely/design
2026-07-23 20:43:14,411 WARNING attempt 3/3 failed for https://www.tesla.com/zh_tw/modely/design: 403 Client Error: Forbidden for url: https://www.tesla.com/zh_tw/modely/design
2026-07-23 20:43:22,836 WARNING attempt 1/3 failed for https://www.tesla.com/zh_tw/models/design: 403 Client Error: Forbidden for url: https://www.tesla.com/zh_tw/models/design
2026-07-23 20:43:24,878 WARNING attempt 2/3 failed for https://www.tesla.com/zh_tw/models/design: 403 Client Error: Forbidden for url: https://www.tesla.com/zh_tw/models/design
2026-07-23 20:43:28,935 WARNING attempt 3/3 failed for https://www.tesla.com/zh_tw/models/design: 403 Client Error: Forbidden for url: https://www.tesla.com/zh_tw/models/design
2026-07-23 20:43:39,350 WARNING attempt 1/3 failed for https://www.tesla.com/zh_tw/modelx/design: 403 Client Error: Forbidden for url: https://www.tesla.com/zh_tw/modelx/design
2026-07-23 20:43:41,394 WARNING attempt 2/3 failed for https://www.tesla.com/zh_tw/modelx/design: 403 Client Error: Forbidden for url: https://www.tesla.com/zh_tw/modelx/design
2026-07-23 20:43:45,435 WARNING attempt 3/3 failed for https://www.tesla.com/zh_tw/modelx/design: 403 Client Error: Forbidden for url: https://www.tesla.com/zh_tw/modelx/design
2026-07-23 20:43:56,494 WARNING attempt 1/3 failed for https://www.tesla.com/zh_tw/cybertruck/design: 403 Client Error: Forbidden for url: https://www.tesla.com/zh_tw/cybertruck/design
2026-07-23 20:43:58,536 WARNING attempt 2/3 failed for https://www.tesla.com/zh_tw/cybertruck/design: 403 Client Error: Forbidden for url: https://www.tesla.com/zh_tw/cybertruck/design
2026-07-23 20:44:02,600 WARNING attempt 3/3 failed for https://www.tesla.com/zh_tw/cybertruck/design: 403 Client Error: Forbidden for url: https://www.tesla.com/zh_tw/cybertruck/design
2026-07-23 20:44:11,851 WARNING attempt 1/3 failed for https://www.tesla.com/en_sg/model3/design: 403 Client Error: Forbidden for url: https://www.tesla.com/en_sg/model3/design
2026-07-23 20:44:13,894 WARNING attempt 2/3 failed for https://www.tesla.com/en_sg/model3/design: 403 Client Error: Forbidden for url: https://www.tesla.com/en_sg/model3/design
2026-07-23 20:44:17,940 WARNING attempt 3/3 failed for https://www.tesla.com/en_sg/model3/design: 403 Client Error: Forbidden for url: https://www.tesla.com/en_sg/model3/design
2026-07-23 20:44:28,332 WARNING attempt 1/3 failed for https://www.tesla.com/en_sg/modely/design: 403 Client Error: Forbidden for url: https://www.tesla.com/en_sg/modely/design
2026-07-23 20:44:30,373 WARNING attempt 2/3 failed for https://www.tesla.com/en_sg/modely/design: 403 Client Error: Forbidden for url: https://www.tesla.com/en_sg/modely/design
2026-07-23 20:44:34,416 WARNING attempt 3/3 failed for https://www.tesla.com/en_sg/modely/design: 403 Client Error: Forbidden for url: https://www.tesla.com/en_sg/modely/design
2026-07-23 20:44:44,069 WARNING attempt 1/3 failed for https://www.tesla.com/en_sg/models/design: 403 Client Error: Forbidden for url: https://www.tesla.com/en_sg/models/design
2026-07-23 20:44:46,110 WARNING attempt 2/3 failed for https://www.tesla.com/en_sg/models/design: 403 Client Error: Forbidden for url: https://www.tesla.com/en_sg/models/design
2026-07-23 20:44:50,255 WARNING attempt 3/3 failed for https://www.tesla.com/en_sg/models/design: 403 Client Error: Forbidden for url: https://www.tesla.com/en_sg/models/design
2026-07-23 20:45:00,776 WARNING attempt 1/3 failed for https://www.tesla.com/en_sg/modelx/design: 403 Client Error: Forbidden for url: https://www.tesla.com/en_sg/modelx/design
2026-07-23 20:45:02,817 WARNING attempt 2/3 failed for https://www.tesla.com/en_sg/modelx/design: 403 Client Error: Forbidden for url: https://www.tesla.com/en_sg/modelx/design
2026-07-23 20:45:06,882 WARNING attempt 3/3 failed for https://www.tesla.com/en_sg/modelx/design: 403 Client Error: Forbidden for url: https://www.tesla.com/en_sg/modelx/design
2026-07-23 20:45:15,539 WARNING attempt 1/3 failed for https://www.tesla.com/en_sg/cybertruck/design: 403 Client Error: Forbidden for url: https://www.tesla.com/en_sg/cybertruck/design
2026-07-23 20:45:17,583 WARNING attempt 2/3 failed for https://www.tesla.com/en_sg/cybertruck/design: 403 Client Error: Forbidden for url: https://www.tesla.com/en_sg/cybertruck/design
2026-07-23 20:45:21,626 WARNING attempt 3/3 failed for https://www.tesla.com/en_sg/cybertruck/design: 403 Client Error: Forbidden for url: https://www.tesla.com/en_sg/cybertruck/design
2026-07-23 20:45:31,927 WARNING attempt 1/3 failed for https://www.tesla.com/en_my/model3/design: 403 Client Error: Forbidden for url: https://www.tesla.com/en_my/model3/design
2026-07-23 20:45:33,971 WARNING attempt 2/3 failed for https://www.tesla.com/en_my/model3/design: 403 Client Error: Forbidden for url: https://www.tesla.com/en_my/model3/design
2026-07-23 20:45:38,055 WARNING attempt 3/3 failed for https://www.tesla.com/en_my/model3/design: 403 Client Error: Forbidden for url: https://www.tesla.com/en_my/model3/design
2026-07-23 20:45:47,740 WARNING attempt 1/3 failed for https://www.tesla.com/en_my/modely/design: 403 Client Error: Forbidden for url: https://www.tesla.com/en_my/modely/design
2026-07-23 20:45:49,784 WARNING attempt 2/3 failed for https://www.tesla.com/en_my/modely/design: 403 Client Error: Forbidden for url: https://www.tesla.com/en_my/modely/design
2026-07-23 20:45:53,845 WARNING attempt 3/3 failed for https://www.tesla.com/en_my/modely/design: 403 Client Error: Forbidden for url: https://www.tesla.com/en_my/modely/design
2026-07-23 20:46:02,842 WARNING attempt 1/3 failed for https://www.tesla.com/en_my/models/design: 403 Client Error: Forbidden for url: https://www.tesla.com/en_my/models/design
2026-07-23 20:46:04,888 WARNING attempt 2/3 failed for https://www.tesla.com/en_my/models/design: 403 Client Error: Forbidden for url: https://www.tesla.com/en_my/models/design
2026-07-23 20:46:08,932 WARNING attempt 3/3 failed for https://www.tesla.com/en_my/models/design: 403 Client Error: Forbidden for url: https://www.tesla.com/en_my/models/design
2026-07-23 20:46:19,466 WARNING attempt 1/3 failed for https://www.tesla.com/en_my/modelx/design: 403 Client Error: Forbidden for url: https://www.tesla.com/en_my/modelx/design
2026-07-23 20:46:21,508 WARNING attempt 2/3 failed for https://www.tesla.com/en_my/modelx/design: 403 Client Error: Forbidden for url: https://www.tesla.com/en_my/modelx/design
2026-07-23 20:46:25,563 WARNING attempt 3/3 failed for https://www.tesla.com/en_my/modelx/design: 403 Client Error: Forbidden for url: https://www.tesla.com/en_my/modelx/design
2026-07-23 20:46:34,585 WARNING attempt 1/3 failed for https://www.tesla.com/en_my/cybertruck/design: 403 Client Error: Forbidden for url: https://www.tesla.com/en_my/cybertruck/design
2026-07-23 20:46:36,628 WARNING attempt 2/3 failed for https://www.tesla.com/en_my/cybertruck/design: 403 Client Error: Forbidden for url: https://www.tesla.com/en_my/cybertruck/design
2026-07-23 20:46:40,673 WARNING attempt 3/3 failed for https://www.tesla.com/en_my/cybertruck/design: 403 Client Error: Forbidden for url: https://www.tesla.com/en_my/cybertruck/design
2026-07-23 20:46:50,205 WARNING attempt 1/3 failed for https://www.tesla.com/th_th/model3/design: 403 Client Error: Forbidden for url: https://www.tesla.com/th_th/model3/design
2026-07-23 20:46:52,244 WARNING attempt 2/3 failed for https://www.tesla.com/th_th/model3/design: 403 Client Error: Forbidden for url: https://www.tesla.com/th_th/model3/design
2026-07-23 20:46:56,292 WARNING attempt 3/3 failed for https://www.tesla.com/th_th/model3/design: 403 Client Error: Forbidden for url: https://www.tesla.com/th_th/model3/design
2026-07-23 20:47:05,064 WARNING attempt 1/3 failed for https://www.tesla.com/th_th/modely/design: 403 Client Error: Forbidden for url: https://www.tesla.com/th_th/modely/design
2026-07-23 20:47:07,104 WARNING attempt 2/3 failed for https://www.tesla.com/th_th/modely/design: 403 Client Error: Forbidden for url: https://www.tesla.com/th_th/modely/design
2026-07-23 20:47:11,169 WARNING attempt 3/3 failed for https://www.tesla.com/th_th/modely/design: 403 Client Error: Forbidden for url: https://www.tesla.com/th_th/modely/design
2026-07-23 20:47:19,572 WARNING attempt 1/3 failed for https://www.tesla.com/th_th/models/design: 403 Client Error: Forbidden for url: https://www.tesla.com/th_th/models/design
2026-07-23 20:47:21,615 WARNING attempt 2/3 failed for https://www.tesla.com/th_th/models/design: 403 Client Error: Forbidden for url: https://www.tesla.com/th_th/models/design
2026-07-23 20:47:25,659 WARNING attempt 3/3 failed for https://www.tesla.com/th_th/models/design: 403 Client Error: Forbidden for url: https://www.tesla.com/th_th/models/design
2026-07-23 20:47:36,461 WARNING attempt 1/3 failed for https://www.tesla.com/th_th/modelx/design: 403 Client Error: Forbidden for url: https://www.tesla.com/th_th/modelx/design
2026-07-23 20:47:38,508 WARNING attempt 2/3 failed for https://www.tesla.com/th_th/modelx/design: 403 Client Error: Forbidden for url: https://www.tesla.com/th_th/modelx/design
2026-07-23 20:47:42,552 WARNING attempt 3/3 failed for https://www.tesla.com/th_th/modelx/design: 403 Client Error: Forbidden for url: https://www.tesla.com/th_th/modelx/design
2026-07-23 20:47:52,129 WARNING attempt 1/3 failed for https://www.tesla.com/th_th/cybertruck/design: 403 Client Error: Forbidden for url: https://www.tesla.com/th_th/cybertruck/design
2026-07-23 20:47:54,176 WARNING attempt 2/3 failed for https://www.tesla.com/th_th/cybertruck/design: 403 Client Error: Forbidden for url: https://www.tesla.com/th_th/cybertruck/design
2026-07-23 20:47:58,231 WARNING attempt 3/3 failed for https://www.tesla.com/th_th/cybertruck/design: 403 Client Error: Forbidden for url: https://www.tesla.com/th_th/cybertruck/design
2026-07-23 20:48:06,687 WARNING attempt 1/3 failed for https://www.tesla.com/en_au/model3/design: 403 Client Error: Forbidden for url: https://www.tesla.com/en_au/model3/design
2026-07-23 20:48:08,736 WARNING attempt 2/3 failed for https://www.tesla.com/en_au/model3/design: 403 Client Error: Forbidden for url: https://www.tesla.com/en_au/model3/design
2026-07-23 20:48:12,787 WARNING attempt 3/3 failed for https://www.tesla.com/en_au/model3/design: 403 Client Error: Forbidden for url: https://www.tesla.com/en_au/model3/design
2026-07-23 20:48:21,143 WARNING attempt 1/3 failed for https://www.tesla.com/en_au/modely/design: 403 Client Error: Forbidden for url: https://www.tesla.com/en_au/modely/design
2026-07-23 20:48:23,188 WARNING attempt 2/3 failed for https://www.tesla.com/en_au/modely/design: 403 Client Error: Forbidden for url: https://www.tesla.com/en_au/modely/design
2026-07-23 20:48:27,233 WARNING attempt 3/3 failed for https://www.tesla.com/en_au/modely/design: 403 Client Error: Forbidden for url: https://www.tesla.com/en_au/modely/design
2026-07-23 20:48:36,610 WARNING attempt 1/3 failed for https://www.tesla.com/en_au/models/design: 403 Client Error: Forbidden for url: https://www.tesla.com/en_au/models/design
2026-07-23 20:48:38,650 WARNING attempt 2/3 failed for https://www.tesla.com/en_au/models/design: 403 Client Error: Forbidden for url: https://www.tesla.com/en_au/models/design
2026-07-23 20:48:42,695 WARNING attempt 3/3 failed for https://www.tesla.com/en_au/models/design: 403 Client Error: Forbidden for url: https://www.tesla.com/en_au/models/design
2026-07-23 20:48:53,263 WARNING attempt 1/3 failed for https://www.tesla.com/en_au/modelx/design: 403 Client Error: Forbidden for url: https://www.tesla.com/en_au/modelx/design
2026-07-23 20:48:55,307 WARNING attempt 2/3 failed for https://www.tesla.com/en_au/modelx/design: 403 Client Error: Forbidden for url: https://www.tesla.com/en_au/modelx/design
2026-07-23 20:48:59,353 WARNING attempt 3/3 failed for https://www.tesla.com/en_au/modelx/design: 403 Client Error: Forbidden for url: https://www.tesla.com/en_au/modelx/design
2026-07-23 20:49:09,774 WARNING attempt 1/3 failed for https://www.tesla.com/en_au/cybertruck/design: 403 Client Error: Forbidden for url: https://www.tesla.com/en_au/cybertruck/design
2026-07-23 20:49:11,816 WARNING attempt 2/3 failed for https://www.tesla.com/en_au/cybertruck/design: 403 Client Error: Forbidden for url: https://www.tesla.com/en_au/cybertruck/design
2026-07-23 20:49:15,859 WARNING attempt 3/3 failed for https://www.tesla.com/en_au/cybertruck/design: 403 Client Error: Forbidden for url: https://www.tesla.com/en_au/cybertruck/design
2026-07-23 20:49:24,984 WARNING attempt 1/3 failed for https://www.tesla.com/en_nz/model3/design: 403 Client Error: Forbidden for url: https://www.tesla.com/en_nz/model3/design
2026-07-23 20:49:27,025 WARNING attempt 2/3 failed for https://www.tesla.com/en_nz/model3/design: 403 Client Error: Forbidden for url: https://www.tesla.com/en_nz/model3/design
2026-07-23 20:49:31,174 WARNING attempt 3/3 failed for https://www.tesla.com/en_nz/model3/design: 403 Client Error: Forbidden for url: https://www.tesla.com/en_nz/model3/design
2026-07-23 20:49:40,259 WARNING attempt 1/3 failed for https://www.tesla.com/en_nz/modely/design: 403 Client Error: Forbidden for url: https://www.tesla.com/en_nz/modely/design
2026-07-23 20:49:42,303 WARNING attempt 2/3 failed for https://www.tesla.com/en_nz/modely/design: 403 Client Error: Forbidden for url: https://www.tesla.com/en_nz/modely/design
2026-07-23 20:49:46,345 WARNING attempt 3/3 failed for https://www.tesla.com/en_nz/modely/design: 403 Client Error: Forbidden for url: https://www.tesla.com/en_nz/modely/design
2026-07-23 20:49:54,645 WARNING attempt 1/3 failed for https://www.tesla.com/en_nz/models/design: 403 Client Error: Forbidden for url: https://www.tesla.com/en_nz/models/design
2026-07-23 20:49:56,688 WARNING attempt 2/3 failed for https://www.tesla.com/en_nz/models/design: 403 Client Error: Forbidden for url: https://www.tesla.com/en_nz/models/design
2026-07-23 20:50:00,742 WARNING attempt 3/3 failed for https://www.tesla.com/en_nz/models/design: 403 Client Error: Forbidden for url: https://www.tesla.com/en_nz/models/design
2026-07-23 20:50:09,600 WARNING attempt 1/3 failed for https://www.tesla.com/en_nz/modelx/design: 403 Client Error: Forbidden for url: https://www.tesla.com/en_nz/modelx/design
2026-07-23 20:50:11,640 WARNING attempt 2/3 failed for https://www.tesla.com/en_nz/modelx/design: 403 Client Error: Forbidden for url: https://www.tesla.com/en_nz/modelx/design
2026-07-23 20:50:15,681 WARNING attempt 3/3 failed for https://www.tesla.com/en_nz/modelx/design: 403 Client Error: Forbidden for url: https://www.tesla.com/en_nz/modelx/design
2026-07-23 20:50:23,904 WARNING attempt 1/3 failed for https://www.tesla.com/en_nz/cybertruck/design: 403 Client Error: Forbidden for url: https://www.tesla.com/en_nz/cybertruck/design
2026-07-23 20:50:25,948 WARNING attempt 2/3 failed for https://www.tesla.com/en_nz/cybertruck/design: 403 Client Error: Forbidden for url: https://www.tesla.com/en_nz/cybertruck/design
2026-07-23 20:50:29,994 WARNING attempt 3/3 failed for https://www.tesla.com/en_nz/cybertruck/design: 403 Client Error: Forbidden for url: https://www.tesla.com/en_nz/cybertruck/design
2026-07-23 20:50:40,822 WARNING attempt 1/3 failed for https://www.tesla.com/es_cl/model3/design: 403 Client Error: Forbidden for url: https://www.tesla.com/es_cl/model3/design
2026-07-23 20:50:42,864 WARNING attempt 2/3 failed for https://www.tesla.com/es_cl/model3/design: 403 Client Error: Forbidden for url: https://www.tesla.com/es_cl/model3/design
2026-07-23 20:50:46,922 WARNING attempt 3/3 failed for https://www.tesla.com/es_cl/model3/design: 403 Client Error: Forbidden for url: https://www.tesla.com/es_cl/model3/design
2026-07-23 20:50:57,402 WARNING attempt 1/3 failed for https://www.tesla.com/es_cl/modely/design: 403 Client Error: Forbidden for url: https://www.tesla.com/es_cl/modely/design
2026-07-23 20:50:59,447 WARNING attempt 2/3 failed for https://www.tesla.com/es_cl/modely/design: 403 Client Error: Forbidden for url: https://www.tesla.com/es_cl/modely/design
2026-07-23 20:51:03,490 WARNING attempt 3/3 failed for https://www.tesla.com/es_cl/modely/design: 403 Client Error: Forbidden for url: https://www.tesla.com/es_cl/modely/design
2026-07-23 20:51:11,596 WARNING attempt 1/3 failed for https://www.tesla.com/es_cl/models/design: 403 Client Error: Forbidden for url: https://www.tesla.com/es_cl/models/design
2026-07-23 20:51:13,644 WARNING attempt 2/3 failed for https://www.tesla.com/es_cl/models/design: 403 Client Error: Forbidden for url: https://www.tesla.com/es_cl/models/design
2026-07-23 20:51:17,685 WARNING attempt 3/3 failed for https://www.tesla.com/es_cl/models/design: 403 Client Error: Forbidden for url: https://www.tesla.com/es_cl/models/design
2026-07-23 20:51:26,373 WARNING attempt 1/3 failed for https://www.tesla.com/es_cl/modelx/design: 403 Client Error: Forbidden for url: https://www.tesla.com/es_cl/modelx/design
2026-07-23 20:51:28,421 WARNING attempt 2/3 failed for https://www.tesla.com/es_cl/modelx/design: 403 Client Error: Forbidden for url: https://www.tesla.com/es_cl/modelx/design
2026-07-23 20:51:32,480 WARNING attempt 3/3 failed for https://www.tesla.com/es_cl/modelx/design: 403 Client Error: Forbidden for url: https://www.tesla.com/es_cl/modelx/design
2026-07-23 20:51:41,729 WARNING attempt 1/3 failed for https://www.tesla.com/es_cl/cybertruck/design: 403 Client Error: Forbidden for url: https://www.tesla.com/es_cl/cybertruck/design
2026-07-23 20:51:43,788 WARNING attempt 2/3 failed for https://www.tesla.com/es_cl/cybertruck/design: 403 Client Error: Forbidden for url: https://www.tesla.com/es_cl/cybertruck/design
2026-07-23 20:51:47,829 WARNING attempt 3/3 failed for https://www.tesla.com/es_cl/cybertruck/design: 403 Client Error: Forbidden for url: https://www.tesla.com/es_cl/cybertruck/design
2026-07-23 20:51:58,666 INFO Done. 8 price rows saved for 2026-07-23.
